backbone,epoch,train_loss,train_acc,val_acc,val_f1,val_auc,fold
tf_efficientnetv2_s,1,0.2247,83.99,71.35,0.6816,,0
tf_efficientnetv2_s,2,0.1426,90.45,95.38,0.9544,,0
tf_efficientnetv2_s,3,0.1306,91.59,95.26,0.9529,,0
tf_efficientnetv2_s,4,0.1176,92.33,98.07,0.9807,,0
tf_efficientnetv2_s,5,0.1068,93.36,98.31,0.9832,,0
tf_efficientnetv2_s,6,0.1,93.76,98.27,0.9827,,0
tf_efficientnetv2_s,7,0.0939,94.28,98.63,0.9865,,0
tf_efficientnetv2_s,8,0.0904,94.7,98.19,0.9826,,0
tf_efficientnetv2_s,9,0.086,95.15,98.67,0.9867,,0
tf_efficientnetv2_s,10,0.0848,94.82,98.79,0.988,,0
tf_efficientnetv2_s,11,0.0819,95.16,98.63,0.9865,,0
tf_efficientnetv2_s,12,0.0784,95.7,98.67,0.9868,,0
tf_efficientnetv2_s,13,0.0804,95.62,98.67,0.9868,,0
tf_efficientnetv2_s,14,0.0766,95.59,98.96,0.9896,,0
tf_efficientnetv2_s,15,0.0772,95.56,98.75,0.9876,,0
tf_efficientnetv2_s,16,0.0748,95.86,98.71,0.9873,,0
tf_efficientnetv2_s,17,0.074,96.01,98.79,0.9882,,0
tf_efficientnetv2_s,18,0.0725,96.11,98.79,0.9881,,0
tf_efficientnetv2_s,19,0.0696,96.11,98.88,0.9889,,0
tf_efficientnetv2_s,20,0.075,95.87,98.79,0.9881,,0
tf_efficientnetv2_s,21,0.069,96.48,98.88,0.9889,,0
tf_efficientnetv2_s,1,0.225,84.17,80.61,0.8042,,1
tf_efficientnetv2_s,2,0.1481,89.71,92.47,0.922,,1
tf_efficientnetv2_s,3,0.1252,91.37,97.68,0.9761,,1
tf_efficientnetv2_s,4,0.1161,92.24,98.69,0.9866,,1
tf_efficientnetv2_s,5,0.1002,93.79,98.88,0.9887,,1
tf_efficientnetv2_s,6,0.1007,93.61,99.03,0.9902,,1
tf_efficientnetv2_s,7,0.0906,94.75,99.03,0.9902,,1
tf_efficientnetv2_s,8,0.0893,94.44,99.11,0.9909,,1
tf_efficientnetv2_s,9,0.086,94.74,98.92,0.9889,,1
tf_efficientnetv2_s,10,0.0843,95.26,99.11,0.9909,,1
tf_efficientnetv2_s,11,0.0847,95.21,99.15,0.9913,,1
tf_efficientnetv2_s,12,0.0787,95.23,99.19,0.9917,,1
tf_efficientnetv2_s,13,0.0738,95.89,99.19,0.9917,,1
tf_efficientnetv2_s,14,0.0803,95.42,99.27,0.9925,,1
tf_efficientnetv2_s,15,0.0736,95.84,99.27,0.9925,,1
tf_efficientnetv2_s,16,0.0763,95.58,99.27,0.9925,,1
tf_efficientnetv2_s,17,0.0737,96.06,99.3,0.9929,,1
tf_efficientnetv2_s,18,0.0708,96.01,99.27,0.9926,,1
tf_efficientnetv2_s,19,0.0719,96.05,99.0,0.9897,,1
tf_efficientnetv2_s,20,0.0727,96.06,99.23,0.9922,,1
tf_efficientnetv2_s,21,0.0695,96.57,99.23,0.9921,,1
tf_efficientnetv2_s,22,0.0686,96.31,99.19,0.9917,,1
tf_efficientnetv2_s,23,0.0675,96.36,99.15,0.9914,,1
tf_efficientnetv2_s,24,0.0659,96.5,99.11,0.9909,,1
tf_efficientnetv2_s,1,0.2305,83.29,79.49,0.7948,,2
tf_efficientnetv2_s,2,0.1464,89.8,96.9,0.9689,,2
tf_efficientnetv2_s,3,0.1291,91.43,97.91,0.979,,2
tf_efficientnetv2_s,4,0.1135,92.68,98.07,0.9807,,2
tf_efficientnetv2_s,5,0.0987,94.12,98.47,0.9848,,2
tf_efficientnetv2_s,6,0.0995,93.68,98.59,0.9861,,2
tf_efficientnetv2_s,7,0.0914,94.66,98.63,0.9865,,2
tf_efficientnetv2_s,8,0.0922,94.43,98.55,0.9857,,2
tf_efficientnetv2_s,9,0.0894,94.68,98.43,0.9845,,2
tf_efficientnetv2_s,10,0.0835,95.3,98.75,0.9877,,2
tf_efficientnetv2_s,11,0.0818,95.25,98.51,0.9853,,2
tf_efficientnetv2_s,12,0.0795,95.35,98.91,0.9894,,2
tf_efficientnetv2_s,13,0.0792,95.61,98.87,0.989,,2
tf_efficientnetv2_s,14,0.075,96.14,98.91,0.9892,,2
tf_efficientnetv2_s,15,0.0738,95.71,98.95,0.9896,,2
tf_efficientnetv2_s,16,0.0728,95.95,99.03,0.9903,,2
tf_efficientnetv2_s,17,0.0717,96.17,99.16,0.9917,,2
tf_efficientnetv2_s,18,0.0716,96.06,99.32,0.9932,,2
tf_efficientnetv2_s,19,0.0714,96.16,99.24,0.9925,,2
tf_efficientnetv2_s,20,0.0732,96.06,99.12,0.9913,,2
tf_efficientnetv2_s,21,0.0679,96.59,98.79,0.9882,,2
tf_efficientnetv2_s,22,0.0685,96.53,99.03,0.9905,,2
tf_efficientnetv2_s,23,0.0674,96.48,99.03,0.9905,,2
tf_efficientnetv2_s,24,0.0694,96.09,98.87,0.9888,,2
tf_efficientnetv2_s,25,0.0683,96.51,99.03,0.9906,,2
tf_efficientnetv2_s,1,0.226,83.64,89.81,0.8989,,3
tf_efficientnetv2_s,2,0.146,89.81,96.78,0.9685,,3
tf_efficientnetv2_s,3,0.1221,92.41,97.57,0.9762,,3
tf_efficientnetv2_s,4,0.1139,92.71,98.05,0.9809,,3
tf_efficientnetv2_s,5,0.1035,93.16,98.29,0.9833,,3
tf_efficientnetv2_s,6,0.0978,94.09,98.17,0.9822,,3
tf_efficientnetv2_s,7,0.0915,94.3,98.49,0.9852,,3
tf_efficientnetv2_s,8,0.0857,94.64,98.37,0.9841,,3
tf_efficientnetv2_s,9,0.0882,94.96,98.61,0.9864,,3
tf_efficientnetv2_s,10,0.083,95.13,98.69,0.9872,,3
tf_efficientnetv2_s,11,0.083,95.2,99.04,0.9906,,3
tf_efficientnetv2_s,12,0.0807,95.22,99.0,0.9903,,3
tf_efficientnetv2_s,13,0.0801,95.64,98.73,0.9876,,3
tf_efficientnetv2_s,14,0.0771,95.54,99.0,0.9903,,3
tf_efficientnetv2_s,15,0.0736,96.26,98.93,0.9895,,3
tf_efficientnetv2_s,16,0.075,95.68,98.93,0.9895,,3
tf_efficientnetv2_s,17,0.072,96.01,99.04,0.9907,,3
tf_efficientnetv2_s,18,0.0694,96.42,99.0,0.9902,,3
tf_efficientnetv2_s,19,0.0726,96.2,98.89,0.9891,,3
tf_efficientnetv2_s,20,0.0656,96.51,98.81,0.9884,,3
tf_efficientnetv2_s,21,0.0672,96.11,98.77,0.9879,,3
tf_efficientnetv2_s,22,0.0685,96.5,98.81,0.9883,,3
tf_efficientnetv2_s,23,0.0675,96.33,98.85,0.9886,,3
tf_efficientnetv2_s,24,0.0669,96.59,98.81,0.9884,,3
tf_efficientnetv2_s,1,0.2254,83.57,69.51,0.6031,,4
tf_efficientnetv2_s,2,0.1457,90.27,96.79,0.9675,,4
tf_efficientnetv2_s,3,0.1292,91.88,97.75,0.9775,,4
tf_efficientnetv2_s,4,0.1168,92.39,98.19,0.9818,,4
tf_efficientnetv2_s,5,0.1081,93.07,98.4,0.9838,,4
tf_efficientnetv2_s,6,0.099,94.17,98.4,0.9838,,4
tf_efficientnetv2_s,7,0.0972,94.03,98.76,0.9875,,4
tf_efficientnetv2_s,8,0.0892,94.51,98.84,0.9883,,4
tf_efficientnetv2_s,9,0.0873,94.82,99.08,0.9907,,4
tf_efficientnetv2_s,10,0.0847,95.06,99.04,0.9903,,4
tf_efficientnetv2_s,11,0.0793,95.27,99.28,0.9928,,4
tf_efficientnetv2_s,12,0.0824,95.35,99.32,0.9932,,4
tf_efficientnetv2_s,13,0.0773,95.57,98.96,0.9895,,4
tf_efficientnetv2_s,14,0.0776,95.73,99.2,0.9919,,4
tf_efficientnetv2_s,15,0.0764,95.85,99.04,0.9903,,4
tf_efficientnetv2_s,16,0.0766,95.85,99.28,0.9927,,4
tf_efficientnetv2_s,17,0.0736,95.92,99.28,0.9927,,4
tf_efficientnetv2_s,18,0.074,95.99,99.48,0.9948,,4
tf_efficientnetv2_s,19,0.0714,96.19,99.4,0.994,,4
tf_efficientnetv2_s,20,0.0717,96.1,99.52,0.9952,,4
tf_efficientnetv2_s,21,0.0706,96.25,99.52,0.9952,,4
tf_efficientnetv2_s,22,0.0691,96.07,99.32,0.9932,,4
tf_efficientnetv2_s,23,0.07,96.37,99.48,0.9948,,4
tf_efficientnetv2_s,24,0.0662,96.51,99.4,0.9939,,4
tf_efficientnetv2_s,25,0.0657,96.67,99.32,0.9932,,4
tf_efficientnetv2_s,26,0.0649,96.82,99.44,0.9944,,4
tf_efficientnetv2_s,27,0.0665,96.62,99.48,0.9948,,4
convnext_tiny,1,0.224,84.17,60.67,0.5799,,0
convnext_tiny,2,0.1649,89.65,96.06,0.9603,,0
convnext_tiny,3,0.1495,90.33,96.75,0.9674,,0
convnext_tiny,4,0.1377,91.3,97.11,0.9709,,0
convnext_tiny,5,0.1324,92.17,97.23,0.9722,,0
convnext_tiny,6,0.1253,92.42,97.31,0.9728,,0
convnext_tiny,7,0.1199,92.73,97.71,0.9769,,0
convnext_tiny,8,0.1097,93.65,97.59,0.9758,,0
convnext_tiny,9,0.1063,93.86,98.03,0.9804,,0
convnext_tiny,10,0.0999,94.04,98.23,0.9823,,0
convnext_tiny,11,0.0971,94.64,98.07,0.9807,,0
convnext_tiny,12,0.0937,94.56,98.31,0.9832,,0
convnext_tiny,13,0.0903,94.73,98.23,0.9824,,0
convnext_tiny,14,0.0856,94.96,98.39,0.984,,0
convnext_tiny,15,0.0863,95.29,98.31,0.9832,,0
convnext_tiny,16,0.0814,95.23,98.47,0.9848,,0
convnext_tiny,17,0.0834,95.47,98.47,0.9848,,0
convnext_tiny,18,0.0752,96.27,98.19,0.982,,0
convnext_tiny,19,0.0813,95.49,98.31,0.9832,,0
convnext_tiny,20,0.0735,95.91,98.51,0.9852,,0
convnext_tiny,21,0.0713,96.47,98.47,0.9848,,0
convnext_tiny,22,0.0741,96.27,98.39,0.984,,0
convnext_tiny,23,0.07,96.54,98.47,0.9848,,0
convnext_tiny,24,0.0723,96.82,98.63,0.9864,,0
convnext_tiny,25,0.0682,96.8,98.55,0.9856,,0
convnext_tiny,26,0.0652,97.06,98.55,0.9856,,0
convnext_tiny,27,0.0671,96.99,98.59,0.986,,0
convnext_tiny,28,0.0675,96.85,98.47,0.9847,,0
convnext_tiny,29,0.0655,97.05,98.47,0.9847,,0
convnext_tiny,30,0.0655,97.2,98.59,0.986,,0
convnext_tiny,31,0.062,97.5,98.51,0.9851,,0
convnext_tiny,1,0.2388,83.62,70.41,0.6307,,1
convnext_tiny,2,0.1721,88.88,95.17,0.9498,,1
convnext_tiny,3,0.152,90.78,96.56,0.9644,,1
convnext_tiny,4,0.1337,91.79,97.14,0.9705,,1
convnext_tiny,5,0.1312,92.01,97.72,0.9766,,1
convnext_tiny,6,0.1199,92.88,97.68,0.9761,,1
convnext_tiny,7,0.1185,92.97,97.84,0.9779,,1
convnext_tiny,8,0.1098,93.62,98.15,0.981,,1
convnext_tiny,9,0.1072,93.61,98.3,0.9825,,1
convnext_tiny,10,0.1031,93.8,98.57,0.9854,,1
convnext_tiny,11,0.0975,93.77,98.65,0.9862,,1
convnext_tiny,12,0.0964,94.56,98.65,0.9862,,1
convnext_tiny,13,0.0915,94.94,98.69,0.9866,,1
convnext_tiny,14,0.0878,95.22,98.69,0.9866,,1
convnext_tiny,15,0.091,94.89,98.88,0.9886,,1
convnext_tiny,16,0.0842,95.29,98.8,0.9878,,1
convnext_tiny,17,0.0816,95.48,98.8,0.9878,,1
convnext_tiny,18,0.0786,95.53,98.76,0.9874,,1
convnext_tiny,19,0.0791,95.52,98.69,0.9865,,1
convnext_tiny,20,0.0766,95.97,98.53,0.9849,,1
convnext_tiny,21,0.0724,96.44,98.69,0.9866,,1
convnext_tiny,22,0.073,96.19,98.65,0.9861,,1
convnext_tiny,1,0.2311,83.85,65.66,0.6383,,2
convnext_tiny,2,0.1698,89.01,96.78,0.9675,,2
convnext_tiny,3,0.1547,90.55,97.71,0.9772,,2
convnext_tiny,4,0.1391,91.34,97.39,0.974,,2
convnext_tiny,5,0.1323,91.53,97.75,0.9775,,2
convnext_tiny,6,0.1198,92.66,97.79,0.9781,,2
convnext_tiny,7,0.115,93.2,97.91,0.9792,,2
convnext_tiny,8,0.1118,93.15,98.23,0.9824,,2
convnext_tiny,9,0.1057,93.85,98.31,0.9833,,2
convnext_tiny,10,0.103,94.18,98.59,0.986,,2
convnext_tiny,11,0.0941,94.43,98.59,0.9861,,2
convnext_tiny,12,0.0921,94.9,98.47,0.9848,,2
convnext_tiny,13,0.0889,95.04,98.43,0.9845,,2
convnext_tiny,14,0.0897,94.73,98.55,0.9857,,2
convnext_tiny,15,0.0824,95.44,98.51,0.9852,,2
convnext_tiny,16,0.0845,95.34,98.59,0.986,,2
convnext_tiny,17,0.0831,95.59,98.63,0.9865,,2
convnext_tiny,18,0.0778,95.69,98.67,0.9869,,2
convnext_tiny,19,0.0795,95.85,98.83,0.9885,,2
convnext_tiny,20,0.0738,96.37,98.79,0.9881,,2
convnext_tiny,21,0.0716,96.6,98.75,0.9877,,2
convnext_tiny,22,0.0734,96.21,98.87,0.9889,,2
convnext_tiny,23,0.0671,96.76,98.67,0.9869,,2
convnext_tiny,24,0.0704,96.7,98.67,0.9869,,2
convnext_tiny,25,0.0705,96.6,98.99,0.9901,,2
convnext_tiny,26,0.0663,96.69,98.99,0.9901,,2
convnext_tiny,27,0.0646,96.93,98.87,0.9889,,2
convnext_tiny,28,0.0645,97.14,99.08,0.991,,2
convnext_tiny,29,0.0635,97.04,98.91,0.9893,,2
convnext_tiny,30,0.0637,97.05,98.87,0.9889,,2
convnext_tiny,31,0.0587,97.69,99.03,0.9905,0.9978,2
convnext_tiny,32,0.0617,97.38,99.12,0.9913,,2
convnext_tiny,33,0.0611,97.39,99.03,0.9905,,2
convnext_tiny,34,0.0609,97.58,98.99,0.99,,2
convnext_tiny,35,0.0584,97.55,98.95,0.9897,0.9975,2
convnext_tiny,36,0.0586,97.82,98.91,0.9893,0.9977,2
convnext_tiny,37,0.0586,97.75,98.95,0.9897,,2
convnext_tiny,38,0.0578,98.09,98.91,0.9893,0.9986,2
convnext_tiny,39,0.0583,97.8,98.99,0.9901,,2
convnext_tiny,1,0.2398,83.41,31.37,0.2464,,3
convnext_tiny,2,0.1729,88.5,94.15,0.9425,,3
convnext_tiny,3,0.1554,90.14,96.66,0.9674,,3
convnext_tiny,4,0.1374,91.13,97.25,0.9732,,3
convnext_tiny,5,0.1317,92.15,97.33,0.974,,3
convnext_tiny,6,0.1263,92.46,97.93,0.9797,,3
convnext_tiny,7,0.1163,93.04,98.09,0.9813,,3
convnext_tiny,8,0.1136,92.98,98.21,0.9825,,3
convnext_tiny,9,0.1112,93.09,98.09,0.9814,,3
convnext_tiny,10,0.1056,93.6,98.29,0.9833,,3
convnext_tiny,11,0.1018,94.01,98.49,0.9852,,3
convnext_tiny,12,0.0924,94.69,98.33,0.9836,,3
convnext_tiny,13,0.0877,95.14,98.33,0.9836,,3
convnext_tiny,14,0.0881,95.21,98.33,0.9835,,3
convnext_tiny,15,0.0887,95.0,98.61,0.9864,,3
convnext_tiny,16,0.0864,95.04,98.77,0.9879,,3
convnext_tiny,17,0.0839,95.54,98.77,0.988,,3
convnext_tiny,18,0.0815,95.7,98.93,0.9895,,3
convnext_tiny,19,0.0781,96.09,98.77,0.9879,,3
convnext_tiny,20,0.0801,95.86,98.77,0.9878,,3
convnext_tiny,21,0.0787,95.75,98.93,0.9894,,3
convnext_tiny,22,0.0743,96.24,98.93,0.9894,,3
convnext_tiny,23,0.0761,96.42,98.81,0.9883,,3
convnext_tiny,24,0.0725,96.43,98.73,0.9875,,3
convnext_tiny,25,0.0701,96.67,98.81,0.9883,,3
convnext_tiny,1,0.2456,82.91,92.22,0.9198,,4
convnext_tiny,2,0.1649,89.51,95.71,0.956,,4
convnext_tiny,3,0.1456,90.97,96.79,0.9675,,4
swin_tiny_patch4_window7_224,1,0.219,84.83,93.21,0.9308,0.9909,0
swin_tiny_patch4_window7_224,2,0.1561,90.28,96.54,0.9651,0.9954,0
swin_tiny_patch4_window7_224,3,0.1328,92.27,96.71,0.9668,0.9961,0
swin_tiny_patch4_window7_224,4,0.1291,92.21,97.35,0.9734,0.9969,0
swin_tiny_patch4_window7_224,5,0.1217,92.62,97.83,0.9782,0.9974,0
swin_tiny_patch4_window7_224,6,0.1132,93.38,98.19,0.982,0.9975,0
swin_tiny_patch4_window7_224,7,0.1095,93.46,98.39,0.984,0.9978,0
swin_tiny_patch4_window7_224,8,0.1054,93.8,98.23,0.9824,0.9977,0
swin_tiny_patch4_window7_224,9,0.0944,94.37,98.39,0.984,0.9977,0
swin_tiny_patch4_window7_224,10,0.0991,94.45,98.35,0.9835,0.998,0
swin_tiny_patch4_window7_224,11,0.0924,94.76,98.63,0.9864,0.9978,0
swin_tiny_patch4_window7_224,12,0.091,94.95,98.75,0.9876,0.9981,0
swin_tiny_patch4_window7_224,13,0.0875,94.91,98.55,0.9856,0.9978,0
swin_tiny_patch4_window7_224,14,0.0858,95.57,98.75,0.9876,0.998,0
swin_tiny_patch4_window7_224,15,0.0801,95.28,98.75,0.9876,0.9981,0
swin_tiny_patch4_window7_224,16,0.0852,95.76,98.92,0.9892,0.9982,0
swin_tiny_patch4_window7_224,17,0.0777,95.8,98.71,0.9872,0.9982,0
swin_tiny_patch4_window7_224,18,0.0777,96.06,98.67,0.9866,0.9981,0
swin_tiny_patch4_window7_224,19,0.0745,96.08,98.79,0.9879,0.998,0
swin_tiny_patch4_window7_224,20,0.0739,96.41,98.67,0.9867,0.9984,0
swin_tiny_patch4_window7_224,21,0.0703,96.43,98.63,0.9864,0.9981,0
swin_tiny_patch4_window7_224,22,0.0731,96.41,98.67,0.9868,0.9981,0
swin_tiny_patch4_window7_224,23,0.0683,96.84,98.79,0.988,0.998,0
swin_tiny_patch4_window7_224,1,0.214,85.27,90.42,0.9067,0.9915,1
swin_tiny_patch4_window7_224,2,0.1589,89.91,96.37,0.963,0.9962,1
swin_tiny_patch4_window7_224,3,0.137,91.51,96.87,0.9681,0.9973,1
swin_tiny_patch4_window7_224,4,0.1247,92.64,97.53,0.9744,0.9974,1
swin_tiny_patch4_window7_224,5,0.1191,92.92,98.22,0.9818,0.9981,1
swin_tiny_patch4_window7_224,6,0.1145,93.46,98.46,0.9842,0.998,1
swin_tiny_patch4_window7_224,7,0.1092,93.63,98.46,0.9842,0.9983,1
swin_tiny_patch4_window7_224,8,0.0993,94.31,98.46,0.9842,0.9987,1
swin_tiny_patch4_window7_224,9,0.1011,93.99,98.34,0.983,0.9988,1
swin_tiny_patch4_window7_224,10,0.0951,94.71,98.8,0.9878,0.9987,1
swin_tiny_patch4_window7_224,11,0.0979,94.57,98.76,0.9874,0.9987,1
swin_tiny_patch4_window7_224,12,0.0914,94.95,98.88,0.9885,0.9989,1
swin_tiny_patch4_window7_224,13,0.0831,95.54,98.84,0.9882,0.9989,1
swin_tiny_patch4_window7_224,14,0.0793,95.99,98.92,0.989,0.9989,1
swin_tiny_patch4_window7_224,15,0.0819,95.68,99.03,0.9902,0.9989,1
swin_tiny_patch4_window7_224,16,0.081,95.71,98.88,0.9886,0.999,1
swin_tiny_patch4_window7_224,17,0.0835,95.49,99.07,0.9905,0.9986,1
swin_tiny_patch4_window7_224,18,0.0778,95.96,99.11,0.9909,0.9986,1
swin_tiny_patch4_window7_224,19,0.0734,96.19,99.11,0.9909,0.9986,1
swin_tiny_patch4_window7_224,20,0.0736,96.27,99.03,0.9901,0.9984,1
swin_tiny_patch4_window7_224,21,0.0727,96.49,99.07,0.9905,0.9987,1
swin_tiny_patch4_window7_224,22,0.0702,96.52,99.03,0.9901,0.9986,1
swin_tiny_patch4_window7_224,23,0.0663,96.69,99.19,0.9917,0.9986,1
swin_tiny_patch4_window7_224,24,0.0696,96.71,99.03,0.9901,0.9985,1
swin_tiny_patch4_window7_224,25,0.0681,96.88,99.11,0.9909,0.9985,1
swin_tiny_patch4_window7_224,26,0.0658,96.88,99.11,0.9909,0.9985,1
swin_tiny_patch4_window7_224,27,0.0642,97.07,99.11,0.9909,0.9981,1
swin_tiny_patch4_window7_224,28,0.0655,97.04,99.11,0.9909,0.998,1
swin_tiny_patch4_window7_224,29,0.0627,97.36,99.07,0.9905,0.9977,1
swin_tiny_patch4_window7_224,30,0.0634,97.09,99.11,0.9909,0.9978,1
swin_tiny_patch4_window7_224,1,0.2089,86.24,83.51,0.8191,0.9891,2
swin_tiny_patch4_window7_224,2,0.1578,90.67,96.14,0.9612,0.9948,2
swin_tiny_patch4_window7_224,3,0.1361,91.89,97.23,0.9721,0.9953,2
swin_tiny_patch4_window7_224,4,0.1278,92.25,97.99,0.98,0.997,2
swin_tiny_patch4_window7_224,5,0.1191,93.07,98.23,0.9825,0.9974,2
swin_tiny_patch4_window7_224,6,0.1123,93.32,98.51,0.9853,0.9981,2
swin_tiny_patch4_window7_224,7,0.1081,93.92,98.51,0.9853,0.9983,2
swin_tiny_patch4_window7_224,8,0.0999,94.17,98.55,0.9857,0.9986,2
swin_tiny_patch4_window7_224,9,0.0992,94.48,98.47,0.985,0.9991,2
swin_tiny_patch4_window7_224,10,0.0937,94.68,98.67,0.9869,0.9992,2
swin_tiny_patch4_window7_224,11,0.09,95.07,98.83,0.9886,0.9994,2
swin_tiny_patch4_window7_224,12,0.089,94.78,98.91,0.9893,0.9994,2
swin_tiny_patch4_window7_224,13,0.0855,95.5,98.91,0.9893,0.9992,2
swin_tiny_patch4_window7_224,14,0.0862,95.49,98.91,0.9894,0.9991,2
swin_tiny_patch4_window7_224,15,0.0841,95.79,98.91,0.9893,0.9991,2
swin_tiny_patch4_window7_224,16,0.0809,95.7,98.83,0.9886,0.9991,2
swin_tiny_patch4_window7_224,17,0.0779,96.12,98.75,0.9877,0.9992,2
swin_tiny_patch4_window7_224,1,0.2096,85.81,70.94,0.6297,0.9891,3
swin_tiny_patch4_window7_224,2,0.1515,90.3,96.26,0.9635,0.9964,3
swin_tiny_patch4_window7_224,3,0.1357,91.39,97.05,0.9712,0.9976,3
swin_tiny_patch4_window7_224,4,0.1273,92.39,97.29,0.9736,0.998,3
swin_tiny_patch4_window7_224,5,0.1218,92.39,97.93,0.9797,0.9985,3
swin_tiny_patch4_window7_224,6,0.1111,93.16,98.01,0.9806,0.9985,3
swin_tiny_patch4_window7_224,7,0.1044,93.91,98.17,0.9821,0.9988,3
swin_tiny_patch4_window7_224,8,0.0976,94.34,98.37,0.984,0.999,3
swin_tiny_patch4_window7_224,9,0.0983,94.34,98.61,0.9863,0.999,3
swin_tiny_patch4_window7_224,10,0.0933,94.91,98.77,0.9879,0.9991,3
swin_tiny_patch4_window7_224,11,0.093,94.77,98.69,0.9872,0.9993,3
swin_tiny_patch4_window7_224,12,0.0878,95.13,98.89,0.9891,0.9993,3
swin_tiny_patch4_window7_224,13,0.0851,95.2,98.96,0.9898,0.9994,3
swin_tiny_patch4_window7_224,14,0.0836,95.62,98.96,0.9898,0.9995,3
swin_tiny_patch4_window7_224,15,0.0845,95.69,99.04,0.9906,0.9996,3
swin_tiny_patch4_window7_224,16,0.0795,95.71,99.16,0.9918,0.9997,3
swin_tiny_patch4_window7_224,17,0.0782,95.86,99.2,0.9922,0.9997,3
swin_tiny_patch4_window7_224,18,0.0756,96.34,99.08,0.9911,0.9996,3
swin_tiny_patch4_window7_224,19,0.074,96.3,99.08,0.9911,0.9994,3
swin_tiny_patch4_window7_224,20,0.0747,96.35,98.96,0.9899,0.9993,3
swin_tiny_patch4_window7_224,21,0.0716,96.79,99.12,0.9914,0.9992,3
swin_tiny_patch4_window7_224,22,0.0679,96.9,99.12,0.9914,0.9993,3
swin_tiny_patch4_window7_224,23,0.0695,96.97,99.0,0.9903,0.9993,3
swin_tiny_patch4_window7_224,24,0.0711,96.64,98.96,0.9899,0.9994,3
swin_tiny_patch4_window7_224,1,0.2154,85.53,71.08,0.69,0.9914,4
swin_tiny_patch4_window7_224,2,0.1558,90.56,97.35,0.9732,0.9963,4
swin_tiny_patch4_window7_224,3,0.1359,91.66,97.23,0.9719,0.9975,4
swin_tiny_patch4_window7_224,4,0.1279,92.17,98.07,0.9805,0.9979,4
swin_tiny_patch4_window7_224,5,0.1188,92.9,98.19,0.9818,0.9983,4
swin_tiny_patch4_window7_224,6,0.113,93.42,98.28,0.9826,0.9989,4
swin_tiny_patch4_window7_224,7,0.1065,93.76,98.56,0.9854,0.9992,4
swin_tiny_patch4_window7_224,8,0.1028,94.0,98.44,0.9842,0.9993,4
swin_tiny_patch4_window7_224,9,0.1036,94.64,98.64,0.9862,0.9994,4
swin_tiny_patch4_window7_224,10,0.0926,94.63,98.84,0.9883,0.9994,4
swin_tiny_patch4_window7_224,11,0.0927,94.7,98.8,0.9879,0.9996,4
swin_tiny_patch4_window7_224,12,0.0857,95.36,98.88,0.9887,0.9996,4
swin_tiny_patch4_window7_224,13,0.0872,95.19,98.92,0.9891,0.9997,4
swin_tiny_patch4_window7_224,14,0.0882,95.21,98.72,0.9871,0.9997,4
swin_tiny_patch4_window7_224,15,0.0871,95.28,98.84,0.9883,0.9998,4
swin_tiny_patch4_window7_224,16,0.0811,95.73,98.84,0.9883,0.9996,4
swin_tiny_patch4_window7_224,17,0.0784,96.06,98.88,0.9887,0.9994,4
swin_tiny_patch4_window7_224,18,0.0816,95.99,98.92,0.9891,0.9996,4
swin_tiny_patch4_window7_224,19,0.0754,96.2,99.04,0.9902,0.9997,4
swin_tiny_patch4_window7_224,20,0.0708,96.47,98.96,0.9895,0.9996,4
swin_tiny_patch4_window7_224,21,0.0732,96.3,99.04,0.9903,0.9997,4
swin_tiny_patch4_window7_224,22,0.0688,96.93,99.08,0.9907,0.9997,4
swin_tiny_patch4_window7_224,23,0.0732,96.48,99.12,0.9911,0.9996,4
swin_tiny_patch4_window7_224,24,0.0674,96.59,99.12,0.9911,0.9996,4
swin_tiny_patch4_window7_224,25,0.0669,96.94,99.0,0.9899,0.9996,4
swin_tiny_patch4_window7_224,26,0.0682,97.02,99.04,0.9903,0.9996,4
swin_tiny_patch4_window7_224,27,0.0627,97.16,99.04,0.9902,0.9997,4
swin_tiny_patch4_window7_224,28,0.0644,97.57,99.08,0.9907,0.9996,4
swin_tiny_patch4_window7_224,29,0.0662,97.06,99.04,0.9903,0.9994,4
swin_tiny_patch4_window7_224,30,0.0617,97.52,99.04,0.9902,0.9994,4
