path,class,method,iou_fixed_top20pct,iou_adaptive_otsu,pointing_game_hit,border_bias_fraction,predicted_correctly
cashew_leaf_dataset_raw/anthracnose/anthracnose78__jpg.rf.3f26f58a4e50f8e89df92fb8eda34e38.jpg,anthracnose,gradcam++,0.015206473214285714,0.0,0,,True
cashew_leaf_dataset_raw/anthracnose/anthracnose78__jpg.rf.3f26f58a4e50f8e89df92fb8eda34e38.jpg,anthracnose,scorecam,0.0,0.0,0,0.10500239580869675,True
cashew_leaf_dataset_raw/anthracnose/anthracnose78__jpg.rf.3f26f58a4e50f8e89df92fb8eda34e38.jpg,anthracnose,eigencam,0.001205377839592026,0.006141304347826087,0,0.0936628207564354,True
cashew_leaf_dataset_raw/anthracnose/anthracnose684__jpg.rf.a8e661fae367bb39566ad145b027f078.jpg,anthracnose,gradcam++,0.10658482142857142,0.0,0,0.6746485233306885,True
cashew_leaf_dataset_raw/anthracnose/anthracnose684__jpg.rf.a8e661fae367bb39566ad145b027f078.jpg,anthracnose,scorecam,0.0019533793462690454,0.01048049939865987,0,0.3534894287586212,True
cashew_leaf_dataset_raw/anthracnose/anthracnose684__jpg.rf.a8e661fae367bb39566ad145b027f078.jpg,anthracnose,eigencam,0.11819437377335175,0.1281947055535796,0,0.03381183370947838,True
cashew_leaf_dataset_raw/anthracnose/anthracnose1397__jpg.rf.533b79f126530c3e4835c498eabc1069.jpg,anthracnose,gradcam++,0.08125398596938775,0.0,0,,True
cashew_leaf_dataset_raw/anthracnose/anthracnose1397__jpg.rf.533b79f126530c3e4835c498eabc1069.jpg,anthracnose,scorecam,0.08125398596938775,0.0,0,0.740191638469696,True
cashew_leaf_dataset_raw/anthracnose/anthracnose1397__jpg.rf.533b79f126530c3e4835c498eabc1069.jpg,anthracnose,eigencam,0.12446215139442231,0.1312490444886103,0,0.05406229570508003,True
cashew_leaf_dataset_raw/anthracnose/anthracnose335__jpg.rf.55150b30ae1c6ba1127d6520a5fa7c7b.jpg,anthracnose,gradcam++,0.057809022860610966,0.06837660700781446,1,0.3143286108970642,True
cashew_leaf_dataset_raw/anthracnose/anthracnose335__jpg.rf.55150b30ae1c6ba1127d6520a5fa7c7b.jpg,anthracnose,scorecam,0.0823888630129897,0.18852179190532184,0,0.1774519383907318,True
cashew_leaf_dataset_raw/anthracnose/anthracnose335__jpg.rf.55150b30ae1c6ba1127d6520a5fa7c7b.jpg,anthracnose,eigencam,0.0,0.0,0,0.632516086101532,True
cashew_leaf_dataset_raw/anthracnose/anthracnose1351__jpg.rf.fcda00b41ba4b8f6b8714348687e6ec2.jpg,anthracnose,gradcam++,0.48317920918367346,0.0,0,,True
cashew_leaf_dataset_raw/anthracnose/anthracnose1351__jpg.rf.fcda00b41ba4b8f6b8714348687e6ec2.jpg,anthracnose,scorecam,0.0933592753253381,0.16837378273374035,0,0.5168042182922363,True
cashew_leaf_dataset_raw/anthracnose/anthracnose1351__jpg.rf.fcda00b41ba4b8f6b8714348687e6ec2.jpg,anthracnose,eigencam,0.2991359054043811,0.40498521951753585,1,0.023334963247179985,True
cashew_leaf_dataset_raw/anthracnose/anthracnose278__jpg.rf.3354963ebcd4dfffb361a6ae2fa4037d.jpg,anthracnose,gradcam++,0.053611288265306124,0.1477124183006536,0,0.7453235387802124,True
cashew_leaf_dataset_raw/anthracnose/anthracnose278__jpg.rf.3354963ebcd4dfffb361a6ae2fa4037d.jpg,anthracnose,scorecam,0.01946803396891524,0.02580155568203377,0,0.19123642146587372,True
cashew_leaf_dataset_raw/anthracnose/anthracnose278__jpg.rf.3354963ebcd4dfffb361a6ae2fa4037d.jpg,anthracnose,eigencam,0.03911481300016332,0.03182369591589163,0,0.1565696746110916,True
cashew_leaf_dataset_raw/anthracnose/anthracnose1625__jpg.rf.07d2686814604ca587265b9ddfa4af82.jpg,anthracnose,gradcam++,0.07178730867346939,0.0,0,,True
cashew_leaf_dataset_raw/anthracnose/anthracnose1625__jpg.rf.07d2686814604ca587265b9ddfa4af82.jpg,anthracnose,scorecam,0.14712314939434723,0.08131251614808253,1,0.2274741381406784,True
cashew_leaf_dataset_raw/anthracnose/anthracnose1625__jpg.rf.07d2686814604ca587265b9ddfa4af82.jpg,anthracnose,eigencam,0.018598745144905886,0.02950916909693045,0,0.5319332480430603,True
cashew_leaf_dataset_raw/anthracnose/anthracnose1509__jpg.rf.af8dfed7324d4aed6f64e3815662b549.jpg,anthracnose,gradcam++,0.02955596301020408,0.0,0,0.7390103936195374,True
cashew_leaf_dataset_raw/anthracnose/anthracnose1509__jpg.rf.af8dfed7324d4aed6f64e3815662b549.jpg,anthracnose,scorecam,0.012749494416600721,0.011601856297007522,0,0.42447084188461304,True
cashew_leaf_dataset_raw/anthracnose/anthracnose1509__jpg.rf.af8dfed7324d4aed6f64e3815662b549.jpg,anthracnose,eigencam,0.02597864768683274,0.05953369530501437,0,0.27754294872283936,True
cashew_leaf_dataset_raw/anthracnose/anthracnose1227__jpg.rf.e8cf159498fa799290ce7c555e9c29aa.jpg,anthracnose,gradcam++,0.04902361304028107,0.07095251319078034,0,0.44553229212760925,False
cashew_leaf_dataset_raw/anthracnose/anthracnose1227__jpg.rf.e8cf159498fa799290ce7c555e9c29aa.jpg,anthracnose,scorecam,0.2574926542605289,0.21764050310460117,1,0.2466486245393753,False
cashew_leaf_dataset_raw/anthracnose/anthracnose1227__jpg.rf.e8cf159498fa799290ce7c555e9c29aa.jpg,anthracnose,eigencam,0.24650485436893205,0.2718234458647438,1,0.012849368155002594,False
cashew_leaf_dataset_raw/anthracnose/anthracnose1478__jpg.rf.5c704bdf6af6afe0ed56864073736173.jpg,anthracnose,gradcam++,0.04474250637755102,0.0,0,,True
cashew_leaf_dataset_raw/anthracnose/anthracnose1478__jpg.rf.5c704bdf6af6afe0ed56864073736173.jpg,anthracnose,scorecam,0.04474250637755102,0.0,0,0.8012775778770447,True
cashew_leaf_dataset_raw/anthracnose/anthracnose1478__jpg.rf.5c704bdf6af6afe0ed56864073736173.jpg,anthracnose,eigencam,0.13735296841715292,0.12551243509155507,0,0.06728661060333252,True
cashew_leaf_dataset_raw/anthracnose/anthracnose326__jpg.rf.8a5ff5a850b098bb9f79212e03b07b8d.jpg,anthracnose,gradcam++,0.0,0.0,0,0.6865202784538269,True
cashew_leaf_dataset_raw/anthracnose/anthracnose326__jpg.rf.8a5ff5a850b098bb9f79212e03b07b8d.jpg,anthracnose,scorecam,0.007783918424534911,0.01880212827149842,0,0.2598937749862671,True
cashew_leaf_dataset_raw/anthracnose/anthracnose326__jpg.rf.8a5ff5a850b098bb9f79212e03b07b8d.jpg,anthracnose,eigencam,0.0,0.0,0,0.40081119537353516,True
cashew_leaf_dataset_raw/anthracnose/anthracnose1607__jpg.rf.92f905d3c7c9c33a8c920e293b6268f0.jpg,anthracnose,gradcam++,0.037190750821969494,0.0,0,0.8634729981422424,True
cashew_leaf_dataset_raw/anthracnose/anthracnose1607__jpg.rf.92f905d3c7c9c33a8c920e293b6268f0.jpg,anthracnose,scorecam,0.0033893002398581707,0.01902505829662805,0,0.23676544427871704,True
cashew_leaf_dataset_raw/anthracnose/anthracnose1607__jpg.rf.92f905d3c7c9c33a8c920e293b6268f0.jpg,anthracnose,eigencam,0.3154009159887894,0.33649121029434115,1,0.21757835149765015,True
cashew_leaf_dataset_raw/anthracnose/anthracnose58__jpg.rf.495eeb7a2d6e83265bb34a84a64c4aaa.jpg,anthracnose,gradcam++,0.09604193239795919,0.0,0,,True
cashew_leaf_dataset_raw/anthracnose/anthracnose58__jpg.rf.495eeb7a2d6e83265bb34a84a64c4aaa.jpg,anthracnose,scorecam,0.025757889648504936,0.022291380183831512,0,0.11481190472841263,True
cashew_leaf_dataset_raw/anthracnose/anthracnose58__jpg.rf.495eeb7a2d6e83265bb34a84a64c4aaa.jpg,anthracnose,eigencam,0.09068213525222116,0.1123477530449391,0,0.12016426771879196,True
cashew_leaf_dataset_raw/anthracnose/anthracnose503__jpg.rf.e592af797751fec604efaf3ae1f67616.jpg,anthracnose,gradcam++,0.038158567774936064,0.0070494599204093235,0,0.7871708869934082,True
cashew_leaf_dataset_raw/anthracnose/anthracnose503__jpg.rf.e592af797751fec604efaf3ae1f67616.jpg,anthracnose,scorecam,0.24699702006082763,0.5012299233106642,1,0.17353731393814087,True
cashew_leaf_dataset_raw/anthracnose/anthracnose503__jpg.rf.e592af797751fec604efaf3ae1f67616.jpg,anthracnose,eigencam,0.23926848629175063,0.5132850589966247,1,0.08765500783920288,True
cashew_leaf_dataset_raw/anthracnose/anthracnose1046__jpg.rf.4452b0192ba0432a123bbd987e1bf7e1.jpg,anthracnose,gradcam++,0.19110730229591838,0.0,0,0.669921875,True
cashew_leaf_dataset_raw/anthracnose/anthracnose1046__jpg.rf.4452b0192ba0432a123bbd987e1bf7e1.jpg,anthracnose,scorecam,0.005841959618735267,0.006000424808836024,0,0.45195791125297546,True
cashew_leaf_dataset_raw/anthracnose/anthracnose1046__jpg.rf.4452b0192ba0432a123bbd987e1bf7e1.jpg,anthracnose,eigencam,0.14632864069162918,0.160252816147612,1,0.10909966379404068,True
cashew_leaf_dataset_raw/anthracnose/anthracnose761__jpg.rf.bed9e289514b9664e05d9476756e50d0.jpg,anthracnose,gradcam++,0.527961575255102,0.0,0,0.8910483121871948,True
cashew_leaf_dataset_raw/anthracnose/anthracnose761__jpg.rf.bed9e289514b9664e05d9476756e50d0.jpg,anthracnose,scorecam,0.1923353137037279,0.4773696198096128,0,0.5198671817779541,True
cashew_leaf_dataset_raw/anthracnose/anthracnose761__jpg.rf.bed9e289514b9664e05d9476756e50d0.jpg,anthracnose,eigencam,0.2538532834437541,0.4012180196981176,1,0.02036166563630104,True
cashew_leaf_dataset_raw/anthracnose/anthracnose1109__jpg.rf.1fc2a14d7bb6156a1d0a1a13a8a270bc.jpg,anthracnose,gradcam++,0.18152104591836735,0.0,0,,True
cashew_leaf_dataset_raw/anthracnose/anthracnose1109__jpg.rf.1fc2a14d7bb6156a1d0a1a13a8a270bc.jpg,anthracnose,scorecam,0.0021463721076327084,0.12380578824979688,0,0.348667711019516,True
cashew_leaf_dataset_raw/anthracnose/anthracnose1109__jpg.rf.1fc2a14d7bb6156a1d0a1a13a8a270bc.jpg,anthracnose,eigencam,0.38346462383464625,0.3805436337625179,1,0.11174517124891281,True
cashew_leaf_dataset_raw/anthracnose/anthracnose204__jpg.rf.3c900a2ef5b7166a757d71f3550a721c.jpg,anthracnose,gradcam++,0.022563043798849727,0.0025512614570537655,0,0.06569429486989975,True
cashew_leaf_dataset_raw/anthracnose/anthracnose204__jpg.rf.3c900a2ef5b7166a757d71f3550a721c.jpg,anthracnose,scorecam,0.08794226092413901,0.0992904714229748,0,0.13808448612689972,True
cashew_leaf_dataset_raw/anthracnose/anthracnose204__jpg.rf.3c900a2ef5b7166a757d71f3550a721c.jpg,anthracnose,eigencam,0.031965506987808506,0.053904873752201994,0,0.49828433990478516,True
cashew_leaf_dataset_raw/anthracnose/anthracnose1201__jpg.rf.2a0c7736da17cefec8671098c47dbd2a.jpg,anthracnose,gradcam++,0.298030931122449,0.0,0,,True
cashew_leaf_dataset_raw/anthracnose/anthracnose1201__jpg.rf.2a0c7736da17cefec8671098c47dbd2a.jpg,anthracnose,scorecam,0.05791456754582786,0.0008202258033388015,0,0.7384033203125,True
cashew_leaf_dataset_raw/anthracnose/anthracnose1201__jpg.rf.2a0c7736da17cefec8671098c47dbd2a.jpg,anthracnose,eigencam,0.16076737272389446,0.21790224731962304,0,0.09875214099884033,True
cashew_leaf_dataset_raw/anthracnose/anthracnose43__jpg.rf.c32d6534057318db2d3108d414977e58.jpg,anthracnose,gradcam++,0.08539939413265306,0.03100303951367781,0,0.46408599615097046,True
cashew_leaf_dataset_raw/anthracnose/anthracnose43__jpg.rf.c32d6534057318db2d3108d414977e58.jpg,anthracnose,scorecam,0.08539939413265306,0.079031465093412,0,0.594358503818512,True
cashew_leaf_dataset_raw/anthracnose/anthracnose43__jpg.rf.c32d6534057318db2d3108d414977e58.jpg,anthracnose,eigencam,0.038734948498476716,0.047267427738644646,0,0.01122016366571188,True
cashew_leaf_dataset_raw/anthracnose/anthracnose1280__jpg.rf.cee121979f114771a820fa215369d45c.jpg,anthracnose,gradcam++,0.13779496173469388,0.0,0,,True
cashew_leaf_dataset_raw/anthracnose/anthracnose1280__jpg.rf.cee121979f114771a820fa215369d45c.jpg,anthracnose,scorecam,0.0,0.0,0,0.4349164664745331,True
cashew_leaf_dataset_raw/anthracnose/anthracnose1280__jpg.rf.cee121979f114771a820fa215369d45c.jpg,anthracnose,eigencam,0.0,0.0,0,0.5028847455978394,True
cashew_leaf_dataset_raw/anthracnose/anthracnose1072__jpg.rf.81f16c9599fd72432521036af2dd9a9e.jpg,anthracnose,gradcam++,0.11490722968650031,0.11734199097693637,0,0.47907501459121704,True
cashew_leaf_dataset_raw/anthracnose/anthracnose1072__jpg.rf.81f16c9599fd72432521036af2dd9a9e.jpg,anthracnose,scorecam,0.14461471103327495,0.19184984568873212,0,0.333794504404068,True
cashew_leaf_dataset_raw/anthracnose/anthracnose1072__jpg.rf.81f16c9599fd72432521036af2dd9a9e.jpg,anthracnose,eigencam,0.3583571614244866,0.382643193652368,1,0.04480888694524765,True
cashew_leaf_dataset_raw/anthracnose/anthracnose1285__jpg.rf.8ba03f2aaaca62e2762f1e2a6bce4dd9.jpg,anthracnose,gradcam++,0.22247688137755103,0.0,0,,True
cashew_leaf_dataset_raw/anthracnose/anthracnose1285__jpg.rf.8ba03f2aaaca62e2762f1e2a6bce4dd9.jpg,anthracnose,scorecam,0.35945616622843585,0.33808687265337056,1,0.18225789070129395,True
cashew_leaf_dataset_raw/anthracnose/anthracnose1285__jpg.rf.8ba03f2aaaca62e2762f1e2a6bce4dd9.jpg,anthracnose,eigencam,0.3277795176949577,0.3984305923961096,0,0.02153969183564186,True
cashew_leaf_dataset_raw/anthracnose/anthracnose344__jpg.rf.38a070bbbbc7de85a80e8c5feb8fb451.jpg,anthracnose,gradcam++,0.1032069970845481,0.061560183551006,0,0.5412939786911011,True
cashew_leaf_dataset_raw/anthracnose/anthracnose344__jpg.rf.38a070bbbbc7de85a80e8c5feb8fb451.jpg,anthracnose,scorecam,0.10359309379374708,0.10655966114919467,0,0.2360871136188507,True
cashew_leaf_dataset_raw/anthracnose/anthracnose344__jpg.rf.38a070bbbbc7de85a80e8c5feb8fb451.jpg,anthracnose,eigencam,0.028484453141987387,0.03103864734299517,0,0.05042724683880806,True
cashew_leaf_dataset_raw/anthracnose/anthracnose800__jpg.rf.f036232c7d5a9711d4d5fcbf27ebd2f6.jpg,anthracnose,gradcam++,0.11631058673469388,0.0,0,0.8910484313964844,True
cashew_leaf_dataset_raw/anthracnose/anthracnose800__jpg.rf.f036232c7d5a9711d4d5fcbf27ebd2f6.jpg,anthracnose,scorecam,0.013916374082349187,0.08024981047615609,0,0.3676791787147522,True
cashew_leaf_dataset_raw/anthracnose/anthracnose800__jpg.rf.f036232c7d5a9711d4d5fcbf27ebd2f6.jpg,anthracnose,eigencam,0.2595207870517296,0.2807324980285639,0,0.07973235845565796,True
cashew_leaf_dataset_raw/anthracnose/anthracnose1480__jpg.rf.38b9023954804e3889f16a9d7434e0fa.jpg,anthracnose,gradcam++,0.0,0.0,0,0.03296419233083725,True
cashew_leaf_dataset_raw/anthracnose/anthracnose1480__jpg.rf.38b9023954804e3889f16a9d7434e0fa.jpg,anthracnose,scorecam,0.0,0.0,0,0.23790043592453003,True
cashew_leaf_dataset_raw/anthracnose/anthracnose1480__jpg.rf.38b9023954804e3889f16a9d7434e0fa.jpg,anthracnose,eigencam,0.09749784296807593,0.09479185438817805,0,0.20485496520996094,True
cashew_leaf_dataset_raw/anthracnose/anthracnose912__jpg.rf.a0affd93fe1ba349c53219144504a5fb.jpg,anthracnose,gradcam++,0.14201270873355992,0.09377170641352164,0,0.7422845363616943,True
cashew_leaf_dataset_raw/anthracnose/anthracnose912__jpg.rf.a0affd93fe1ba349c53219144504a5fb.jpg,anthracnose,scorecam,0.019525065963060684,0.16650530026563393,0,0.42314696311950684,True
cashew_leaf_dataset_raw/anthracnose/anthracnose912__jpg.rf.a0affd93fe1ba349c53219144504a5fb.jpg,anthracnose,eigencam,0.2710526315789474,0.33358205242998556,1,0.06038721650838852,True
cashew_leaf_dataset_raw/anthracnose/anthracnose1541__jpg.rf.785e2da63274b81f944791c5b420d585.jpg,anthracnose,gradcam++,0.0,0.0,0,0.7990366220474243,True
cashew_leaf_dataset_raw/anthracnose/anthracnose1541__jpg.rf.785e2da63274b81f944791c5b420d585.jpg,anthracnose,scorecam,0.011540900443880786,0.05674427086499301,0,0.28556331992149353,True
cashew_leaf_dataset_raw/anthracnose/anthracnose1541__jpg.rf.785e2da63274b81f944791c5b420d585.jpg,anthracnose,eigencam,0.1398356555912826,0.1336733261591728,1,0.016034124419093132,True
cashew_leaf_dataset_raw/anthracnose/anthracnose1442__jpg.rf.e4faa727d8ef1c93f317002b15597b78.jpg,anthracnose,gradcam++,0.07451769770408163,0.0,0,,True
cashew_leaf_dataset_raw/anthracnose/anthracnose1442__jpg.rf.e4faa727d8ef1c93f317002b15597b78.jpg,anthracnose,scorecam,0.07451769770408163,0.0,0,0.7542274594306946,True
cashew_leaf_dataset_raw/anthracnose/anthracnose1442__jpg.rf.e4faa727d8ef1c93f317002b15597b78.jpg,anthracnose,eigencam,0.2568665024181038,0.19635326221781196,0,0.032237906008958817,True
cashew_leaf_dataset_raw/anthracnose/anthracnose1110__jpg.rf.5e1529a56e703ee7993a0ea2a0521a3f.jpg,anthracnose,gradcam++,0.11925453524105344,0.06334169877346152,1,0.41498297452926636,True
cashew_leaf_dataset_raw/anthracnose/anthracnose1110__jpg.rf.5e1529a56e703ee7993a0ea2a0521a3f.jpg,anthracnose,scorecam,0.18136160714285715,0.2972002871500359,1,0.3010777235031128,True
cashew_leaf_dataset_raw/anthracnose/anthracnose1110__jpg.rf.5e1529a56e703ee7993a0ea2a0521a3f.jpg,anthracnose,eigencam,0.26539151225343693,0.4521356441048035,1,0.031615130603313446,True
cashew_leaf_dataset_raw/leaf_miner/leaf-miner589__jpg.rf.9661b722527809ff793799a01c07be83.jpg,leaf_miner,gradcam++,0.1144731088762571,0.1261169780666125,1,0.3828173279762268,True
cashew_leaf_dataset_raw/leaf_miner/leaf-miner589__jpg.rf.9661b722527809ff793799a01c07be83.jpg,leaf_miner,scorecam,0.0345835362883585,0.04030638804194244,0,0.31794315576553345,True
cashew_leaf_dataset_raw/leaf_miner/leaf-miner589__jpg.rf.9661b722527809ff793799a01c07be83.jpg,leaf_miner,eigencam,0.2697401174947725,0.3016367887763055,1,0.07974708825349808,True
cashew_leaf_dataset_raw/leaf_miner/leaf-miner1154__jpg.rf.f4bd802d1159e3615a6f875f5d93bef6.jpg,leaf_miner,gradcam++,0.01547678482276585,0.012490096472013795,0,0.4455564320087433,True
cashew_leaf_dataset_raw/leaf_miner/leaf-miner1154__jpg.rf.f4bd802d1159e3615a6f875f5d93bef6.jpg,leaf_miner,scorecam,0.0,0.004226752859273993,0,0.4447258710861206,True
cashew_leaf_dataset_raw/leaf_miner/leaf-miner1154__jpg.rf.f4bd802d1159e3615a6f875f5d93bef6.jpg,leaf_miner,eigencam,0.0,0.004858996832426116,0,0.4552220404148102,True
cashew_leaf_dataset_raw/leaf_miner/leaf-miner842__jpg.rf.caa43f5e7a9ff468bcb0c2dcc3bfce6f.jpg,leaf_miner,gradcam++,0.0,0.0,0,0.4331311583518982,True
cashew_leaf_dataset_raw/leaf_miner/leaf-miner842__jpg.rf.caa43f5e7a9ff468bcb0c2dcc3bfce6f.jpg,leaf_miner,scorecam,0.0,0.0,0,0.4009757339954376,True
cashew_leaf_dataset_raw/leaf_miner/leaf-miner842__jpg.rf.caa43f5e7a9ff468bcb0c2dcc3bfce6f.jpg,leaf_miner,eigencam,0.2539334793865764,0.23694965632546908,1,0.1393614113330841,True
cashew_leaf_dataset_raw/leaf_miner/leaf-miner1363__jpg.rf.50f0efb20604aed7ad71e0d4281c0480.jpg,leaf_miner,gradcam++,0.0,0.0,0,0.5733359456062317,True
cashew_leaf_dataset_raw/leaf_miner/leaf-miner1363__jpg.rf.50f0efb20604aed7ad71e0d4281c0480.jpg,leaf_miner,scorecam,0.31988041853512705,0.16545538889747952,0,0.4515039920806885,True
cashew_leaf_dataset_raw/leaf_miner/leaf-miner1363__jpg.rf.50f0efb20604aed7ad71e0d4281c0480.jpg,leaf_miner,eigencam,0.31988041853512705,0.36258895289732296,0,0.40159809589385986,True
cashew_leaf_dataset_raw/leaf_miner/leaf-miner828__jpg.rf.16665c98939b60ac02f4f5b83deb96d6.jpg,leaf_miner,gradcam++,0.019216433363704134,0.026775786149535203,0,0.31158605217933655,True
cashew_leaf_dataset_raw/leaf_miner/leaf-miner828__jpg.rf.16665c98939b60ac02f4f5b83deb96d6.jpg,leaf_miner,scorecam,0.0,0.0,0,0.38407382369041443,True
cashew_leaf_dataset_raw/leaf_miner/leaf-miner828__jpg.rf.16665c98939b60ac02f4f5b83deb96d6.jpg,leaf_miner,eigencam,0.22620827105132038,0.25385819727130393,1,0.042425286024808884,True
cashew_leaf_dataset_raw/leaf_miner/leaf-miner219__jpg.rf.51a0784b432aec6b45ca72c110ea7fa8.jpg,leaf_miner,gradcam++,0.0,0.0,0,0.25690916180610657,True
cashew_leaf_dataset_raw/leaf_miner/leaf-miner219__jpg.rf.51a0784b432aec6b45ca72c110ea7fa8.jpg,leaf_miner,scorecam,0.007047635221193852,0.012750757002271006,0,0.40319550037384033,True
cashew_leaf_dataset_raw/leaf_miner/leaf-miner219__jpg.rf.51a0784b432aec6b45ca72c110ea7fa8.jpg,leaf_miner,eigencam,0.1646862417755082,0.16602278355621594,1,0.1198778823018074,True
cashew_leaf_dataset_raw/leaf_miner/leaf-miner181__jpg.rf.09cbad2df8cf1c08bc0de46ccfe8f1f1.jpg,leaf_miner,gradcam++,0.0,0.0,0,0.398374080657959,True
cashew_leaf_dataset_raw/leaf_miner/leaf-miner181__jpg.rf.09cbad2df8cf1c08bc0de46ccfe8f1f1.jpg,leaf_miner,scorecam,0.0,0.0,0,0.5324233174324036,True
cashew_leaf_dataset_raw/leaf_miner/leaf-miner181__jpg.rf.09cbad2df8cf1c08bc0de46ccfe8f1f1.jpg,leaf_miner,eigencam,0.3772043439274684,0.3340388007054674,0,0.008551466278731823,True
cashew_leaf_dataset_raw/leaf_miner/leaf-miner229__jpg.rf.d7fb17285c1330c2d4ca1046a8e0dffe.jpg,leaf_miner,gradcam++,0.0002839698991906858,0.0,0,0.8308505415916443,True
cashew_leaf_dataset_raw/leaf_miner/leaf-miner229__jpg.rf.d7fb17285c1330c2d4ca1046a8e0dffe.jpg,leaf_miner,scorecam,0.07762906309751434,0.055246292744538524,1,0.31807708740234375,True
cashew_leaf_dataset_raw/leaf_miner/leaf-miner229__jpg.rf.d7fb17285c1330c2d4ca1046a8e0dffe.jpg,leaf_miner,eigencam,0.0,0.0004364652137224663,0,0.42008617520332336,True
cashew_leaf_dataset_raw/leaf_miner/leaf-miner638__jpg.rf.fd6940140c3cfbae2c82c52350c49c61.jpg,leaf_miner,gradcam++,0.0,0.0,0,0.6611513495445251,True
cashew_leaf_dataset_raw/leaf_miner/leaf-miner638__jpg.rf.fd6940140c3cfbae2c82c52350c49c61.jpg,leaf_miner,scorecam,0.0,0.0,0,0.3778831958770752,True
cashew_leaf_dataset_raw/leaf_miner/leaf-miner638__jpg.rf.fd6940140c3cfbae2c82c52350c49c61.jpg,leaf_miner,eigencam,0.0,0.0,0,0.4067777693271637,True
cashew_leaf_dataset_raw/leaf_miner/leaf-miner463__jpg.rf.eac40fd29e1344db35f3213b897375fd.jpg,leaf_miner,gradcam++,0.00968812209688122,0.012596899224806201,0,0.4198172986507416,True
cashew_leaf_dataset_raw/leaf_miner/leaf-miner463__jpg.rf.eac40fd29e1344db35f3213b897375fd.jpg,leaf_miner,scorecam,0.08747855917667238,0.08605906637027627,0,0.3344782292842865,True
cashew_leaf_dataset_raw/leaf_miner/leaf-miner463__jpg.rf.eac40fd29e1344db35f3213b897375fd.jpg,leaf_miner,eigencam,0.40278417995759197,0.34493238109709773,1,0.11159763485193253,True
cashew_leaf_dataset_raw/leaf_miner/leaf-miner204__jpg.rf.0c0c01b48f9b9369a35fde6d3025a79b.jpg,leaf_miner,gradcam++,0.0,0.0,0,0.5952925086021423,True
cashew_leaf_dataset_raw/leaf_miner/leaf-miner204__jpg.rf.0c0c01b48f9b9369a35fde6d3025a79b.jpg,leaf_miner,scorecam,0.07420081044574516,0.09104893760215364,0,0.2508775293827057,True
cashew_leaf_dataset_raw/leaf_miner/leaf-miner204__jpg.rf.0c0c01b48f9b9369a35fde6d3025a79b.jpg,leaf_miner,eigencam,0.1887394120577977,0.20616087950364645,1,0.13971565663814545,True
cashew_leaf_dataset_raw/leaf_miner/leaf-miner49__jpg.rf.03eafcc54d11d05e871da3c11e5bfec7.jpg,leaf_miner,gradcam++,0.0,0.0,0,0.7718152403831482,True
cashew_leaf_dataset_raw/leaf_miner/leaf-miner49__jpg.rf.03eafcc54d11d05e871da3c11e5bfec7.jpg,leaf_miner,scorecam,0.3407537590314392,0.16565846663978134,1,0.3201473653316498,True
cashew_leaf_dataset_raw/leaf_miner/leaf-miner49__jpg.rf.03eafcc54d11d05e871da3c11e5bfec7.jpg,leaf_miner,eigencam,0.3675928692361319,0.40928555330178046,1,0.028883645310997963,True
cashew_leaf_dataset_raw/leaf_miner/leaf-miner374__jpg.rf.13ad837695e123a1fa51f8c0c5506599.jpg,leaf_miner,gradcam++,0.11798469387755102,0.0,0,0.8910484910011292,True
cashew_leaf_dataset_raw/leaf_miner/leaf-miner374__jpg.rf.13ad837695e123a1fa51f8c0c5506599.jpg,leaf_miner,scorecam,0.0,0.0008670269645385971,0,0.4752223789691925,True
cashew_leaf_dataset_raw/leaf_miner/leaf-miner374__jpg.rf.13ad837695e123a1fa51f8c0c5506599.jpg,leaf_miner,eigencam,0.0,0.0,0,0.42271631956100464,True
cashew_leaf_dataset_raw/leaf_miner/leaf-miner456__jpg.rf.e44e6f6db9af9909287ab8890cfb50b3.jpg,leaf_miner,gradcam++,0.0,0.0,0,0.665653645992279,True
cashew_leaf_dataset_raw/leaf_miner/leaf-miner456__jpg.rf.e44e6f6db9af9909287ab8890cfb50b3.jpg,leaf_miner,scorecam,0.0,0.011617324267894427,0,0.48959651589393616,True
cashew_leaf_dataset_raw/leaf_miner/leaf-miner456__jpg.rf.e44e6f6db9af9909287ab8890cfb50b3.jpg,leaf_miner,eigencam,0.3051087984862819,0.3192488262910798,1,0.04964352026581764,True
cashew_leaf_dataset_raw/leaf_miner/leaf-miner1309__jpg.rf.e7629b3bc2dd60ffba90cea54c9bc62c.jpg,leaf_miner,gradcam++,0.0528938137755102,0.0,0,,True
cashew_leaf_dataset_raw/leaf_miner/leaf-miner1309__jpg.rf.e7629b3bc2dd60ffba90cea54c9bc62c.jpg,leaf_miner,scorecam,0.0,0.0,0,0.5100906491279602,True
cashew_leaf_dataset_raw/leaf_miner/leaf-miner1309__jpg.rf.e7629b3bc2dd60ffba90cea54c9bc62c.jpg,leaf_miner,eigencam,0.25710607111023076,0.2527195027195027,1,0.14893600344657898,True
cashew_leaf_dataset_raw/leaf_miner/leaf-miner48__jpg.rf.a205071113bd6bb4867f9a3ed4495d05.jpg,leaf_miner,gradcam++,0.29764440546297455,0.3113621644959344,1,0.3816414773464203,True
cashew_leaf_dataset_raw/leaf_miner/leaf-miner48__jpg.rf.a205071113bd6bb4867f9a3ed4495d05.jpg,leaf_miner,scorecam,0.26384484020492804,0.2638634978671542,0,0.4024595320224762,True
cashew_leaf_dataset_raw/leaf_miner/leaf-miner48__jpg.rf.a205071113bd6bb4867f9a3ed4495d05.jpg,leaf_miner,eigencam,0.3168436446874801,0.372325820844297,1,0.03790220990777016,True
cashew_leaf_dataset_raw/leaf_miner/leaf-miner578__jpg.rf.35c7234a50434cb3ace14078e1db60cd.jpg,leaf_miner,gradcam++,0.03660759862903814,0.0311948751276576,0,0.441232830286026,True
cashew_leaf_dataset_raw/leaf_miner/leaf-miner578__jpg.rf.35c7234a50434cb3ace14078e1db60cd.jpg,leaf_miner,scorecam,0.10907388624483108,0.17386419808565137,0,0.21300984919071198,True
cashew_leaf_dataset_raw/leaf_miner/leaf-miner578__jpg.rf.35c7234a50434cb3ace14078e1db60cd.jpg,leaf_miner,eigencam,0.2801693083573487,0.27303967510153077,1,0.034807365387678146,True
cashew_leaf_dataset_raw/leaf_miner/leaf-miner185__jpg.rf.ae64bbe6622d9abdfbbfbc8c66dfcfe8.jpg,leaf_miner,gradcam++,0.0,0.0,0,0.7504720091819763,True
cashew_leaf_dataset_raw/leaf_miner/leaf-miner185__jpg.rf.ae64bbe6622d9abdfbbfbc8c66dfcfe8.jpg,leaf_miner,scorecam,0.0,0.0,0,0.37680283188819885,True
cashew_leaf_dataset_raw/leaf_miner/leaf-miner185__jpg.rf.ae64bbe6622d9abdfbbfbc8c66dfcfe8.jpg,leaf_miner,eigencam,0.23667164922770303,0.2838532329389267,1,0.21202228963375092,True
cashew_leaf_dataset_raw/leaf_miner/leaf-miner783__jpg.rf.5915481399e330db13ebc9fe6854ee15.jpg,leaf_miner,gradcam++,0.22020487882653061,0.025259792166266986,0,0.6709828972816467,True
cashew_leaf_dataset_raw/leaf_miner/leaf-miner783__jpg.rf.5915481399e330db13ebc9fe6854ee15.jpg,leaf_miner,scorecam,0.08666082745118243,0.17558767988539428,0,0.4141208529472351,True
cashew_leaf_dataset_raw/leaf_miner/leaf-miner783__jpg.rf.5915481399e330db13ebc9fe6854ee15.jpg,leaf_miner,eigencam,0.20769847634322375,0.27538468959529205,0,0.12004169821739197,True
cashew_leaf_dataset_raw/leaf_miner/leaf-miner1265__jpg.rf.a35767c9c8d18c2869732a37d28f8daf.jpg,leaf_miner,gradcam++,0.38588169642857145,9.742315748453407e-05,0,0.8910483717918396,True
cashew_leaf_dataset_raw/leaf_miner/leaf-miner1265__jpg.rf.a35767c9c8d18c2869732a37d28f8daf.jpg,leaf_miner,scorecam,0.13056687947080994,0.22178723954963117,1,0.49037376046180725,True
cashew_leaf_dataset_raw/leaf_miner/leaf-miner1265__jpg.rf.a35767c9c8d18c2869732a37d28f8daf.jpg,leaf_miner,eigencam,0.13919782987793064,0.139839824120603,0,0.2043985277414322,True
cashew_leaf_dataset_raw/leaf_miner/leaf-miner703__jpg.rf.f706c18ce7ba01f6f2bb590123404be3.jpg,leaf_miner,gradcam++,0.07896205357142858,0.0,0,,False
cashew_leaf_dataset_raw/leaf_miner/leaf-miner703__jpg.rf.f706c18ce7ba01f6f2bb590123404be3.jpg,leaf_miner,scorecam,0.0420512057159869,0.04008900561756767,0,0.37369289994239807,False
cashew_leaf_dataset_raw/leaf_miner/leaf-miner703__jpg.rf.f706c18ce7ba01f6f2bb590123404be3.jpg,leaf_miner,eigencam,0.0741309185787737,0.11313009357078177,0,0.08424413204193115,False
cashew_leaf_dataset_raw/leaf_miner/leaf-miner1233__jpg.rf.38b07509ce8fb9398f06b9f5092cdb30.jpg,leaf_miner,gradcam++,0.1950733418367347,0.0,0,0.6699218153953552,True
cashew_leaf_dataset_raw/leaf_miner/leaf-miner1233__jpg.rf.38b07509ce8fb9398f06b9f5092cdb30.jpg,leaf_miner,scorecam,0.0,0.004529785476197259,0,0.4888274073600769,True
cashew_leaf_dataset_raw/leaf_miner/leaf-miner1233__jpg.rf.38b07509ce8fb9398f06b9f5092cdb30.jpg,leaf_miner,eigencam,0.0,0.0,0,0.530614972114563,True
cashew_leaf_dataset_raw/leaf_miner/leaf-miner55__jpg.rf.6c8b8e51459dd1dfb50d0f28a57e37db.jpg,leaf_miner,gradcam++,0.0,0.0,0,0.5159133076667786,True
cashew_leaf_dataset_raw/leaf_miner/leaf-miner55__jpg.rf.6c8b8e51459dd1dfb50d0f28a57e37db.jpg,leaf_miner,scorecam,0.0,6.602621240632531e-05,0,0.5726708769798279,True
cashew_leaf_dataset_raw/leaf_miner/leaf-miner55__jpg.rf.6c8b8e51459dd1dfb50d0f28a57e37db.jpg,leaf_miner,eigencam,0.2750373692077728,0.3056816923247314,1,0.04695739597082138,True
cashew_leaf_dataset_raw/leaf_miner/leaf-miner735__jpg.rf.be1506b6e4156f4d07a150d36b881ce3.jpg,leaf_miner,gradcam++,0.0,0.0,0,0.7854875326156616,True
cashew_leaf_dataset_raw/leaf_miner/leaf-miner735__jpg.rf.be1506b6e4156f4d07a150d36b881ce3.jpg,leaf_miner,scorecam,0.0002782415136338342,0.05390447863081162,0,0.394900918006897,True
cashew_leaf_dataset_raw/leaf_miner/leaf-miner735__jpg.rf.be1506b6e4156f4d07a150d36b881ce3.jpg,leaf_miner,eigencam,0.5737633153363491,0.6064507476698183,0,0.06503337621688843,True
cashew_leaf_dataset_raw/leaf_miner/leaf-miner339__jpg.rf.934dfc96144e404042c93260cf5b4caf.jpg,leaf_miner,gradcam++,0.0,0.0,0,0.8227943778038025,True
cashew_leaf_dataset_raw/leaf_miner/leaf-miner339__jpg.rf.934dfc96144e404042c93260cf5b4caf.jpg,leaf_miner,scorecam,0.0,0.003796124236793204,0,0.369343101978302,True
cashew_leaf_dataset_raw/leaf_miner/leaf-miner339__jpg.rf.934dfc96144e404042c93260cf5b4caf.jpg,leaf_miner,eigencam,0.31101234567901237,0.31112835291509644,1,0.22398005425930023,True
cashew_leaf_dataset_raw/leaf_miner/leaf-miner273__jpg.rf.cc8d0aae7753c003d4cf3ba89c767ef1.jpg,leaf_miner,gradcam++,0.0,0.0,0,0.41103824973106384,True
cashew_leaf_dataset_raw/leaf_miner/leaf-miner273__jpg.rf.cc8d0aae7753c003d4cf3ba89c767ef1.jpg,leaf_miner,scorecam,0.0,0.0,0,0.3257710337638855,True
cashew_leaf_dataset_raw/leaf_miner/leaf-miner273__jpg.rf.cc8d0aae7753c003d4cf3ba89c767ef1.jpg,leaf_miner,eigencam,0.09975087194818137,0.1127633209417596,0,0.30213508009910583,True
cashew_leaf_dataset_raw/leaf_miner/leaf-miner1120__jpg.rf.707687bb03ab021b67a11e826c6d1c14.jpg,leaf_miner,gradcam++,0.30831473214285715,0.0,0,,True
cashew_leaf_dataset_raw/leaf_miner/leaf-miner1120__jpg.rf.707687bb03ab021b67a11e826c6d1c14.jpg,leaf_miner,scorecam,0.25578304951274733,0.2393247836394276,0,0.40302637219429016,True
cashew_leaf_dataset_raw/leaf_miner/leaf-miner1120__jpg.rf.707687bb03ab021b67a11e826c6d1c14.jpg,leaf_miner,eigencam,0.3482581804725908,0.3332431993942999,1,0.06891855597496033,True
cashew_leaf_dataset_raw/leaf_miner/leaf-miner847__jpg.rf.4beddbe481522c856ff0544302fc52f0.jpg,leaf_miner,gradcam++,0.0040650406504065045,0.005856315968675519,0,0.5949437618255615,True
cashew_leaf_dataset_raw/leaf_miner/leaf-miner847__jpg.rf.4beddbe481522c856ff0544302fc52f0.jpg,leaf_miner,scorecam,0.014382154388024655,0.0460861509958314,0,0.4032248854637146,True
cashew_leaf_dataset_raw/leaf_miner/leaf-miner847__jpg.rf.4beddbe481522c856ff0544302fc52f0.jpg,leaf_miner,eigencam,0.189877775865037,0.1806497050796725,1,0.1605900228023529,True
cashew_leaf_dataset_raw/leaf_miner/leaf-miner792__jpg.rf.6ce8204da631ae98ed0188e4c5e09917.jpg,leaf_miner,gradcam++,0.08653539540816327,0.0,0,0.8134492635726929,True
cashew_leaf_dataset_raw/leaf_miner/leaf-miner792__jpg.rf.6ce8204da631ae98ed0188e4c5e09917.jpg,leaf_miner,scorecam,0.0,0.0,0,0.3913600444793701,True
cashew_leaf_dataset_raw/leaf_miner/leaf-miner792__jpg.rf.6ce8204da631ae98ed0188e4c5e09917.jpg,leaf_miner,eigencam,0.0,0.0,0,0.37023988366127014,True
cashew_leaf_dataset_raw/leaf_miner/leaf-miner83__jpg.rf.421012b7860aec2a41ff9ab3626fb410.jpg,leaf_miner,gradcam++,0.06875881523272215,0.06728833315672353,0,0.4421376585960388,True
cashew_leaf_dataset_raw/leaf_miner/leaf-miner83__jpg.rf.421012b7860aec2a41ff9ab3626fb410.jpg,leaf_miner,scorecam,0.1135876553793399,0.096803475329054,1,0.35977402329444885,True
cashew_leaf_dataset_raw/leaf_miner/leaf-miner83__jpg.rf.421012b7860aec2a41ff9ab3626fb410.jpg,leaf_miner,eigencam,0.0,0.026810409856675887,0,0.4885033667087555,True
cashew_leaf_dataset_raw/leaf_miner/leaf-miner163__jpg.rf.f79dbeb8cf84e93f295b04e153c11711.jpg,leaf_miner,gradcam++,0.0,0.0,0,0.504564642906189,True
cashew_leaf_dataset_raw/leaf_miner/leaf-miner163__jpg.rf.f79dbeb8cf84e93f295b04e153c11711.jpg,leaf_miner,scorecam,0.0,0.0,0,0.39976418018341064,True
cashew_leaf_dataset_raw/leaf_miner/leaf-miner163__jpg.rf.f79dbeb8cf84e93f295b04e153c11711.jpg,leaf_miner,eigencam,0.17498754359740906,0.1744486389827141,0,0.16250772774219513,True
cashew_leaf_dataset_raw/leaf_miner/leaf-miner425__jpg.rf.6e00abdbb875590d2906d43e07cec6e2.jpg,leaf_miner,gradcam++,0.0,0.0,0,0.7229521870613098,True
cashew_leaf_dataset_raw/leaf_miner/leaf-miner425__jpg.rf.6e00abdbb875590d2906d43e07cec6e2.jpg,leaf_miner,scorecam,0.003839106535206352,0.0063555602373678854,0,0.361925333738327,True
cashew_leaf_dataset_raw/leaf_miner/leaf-miner425__jpg.rf.6e00abdbb875590d2906d43e07cec6e2.jpg,leaf_miner,eigencam,0.14648729446935724,0.18336035923662217,0,0.04409430921077728,True
cashew_leaf_dataset_raw/leaf_miner/leaf-miner747__jpg.rf.585ed6a7af04d7346bddbb152453405c.jpg,leaf_miner,gradcam++,0.0011168727562824092,0.0,0,0.6603692173957825,True
cashew_leaf_dataset_raw/leaf_miner/leaf-miner747__jpg.rf.585ed6a7af04d7346bddbb152453405c.jpg,leaf_miner,scorecam,0.0,0.0004007815239717449,0,0.38239675760269165,True
cashew_leaf_dataset_raw/leaf_miner/leaf-miner747__jpg.rf.585ed6a7af04d7346bddbb152453405c.jpg,leaf_miner,eigencam,0.25027398625087177,0.2922588981557618,1,0.08855067938566208,True
cashew_leaf_dataset_raw/leaf_miner/leaf-miner845__jpg.rf.9b52e33ec73667583e6098c2906676be.jpg,leaf_miner,gradcam++,0.0,0.0,0,0.7258633375167847,True
cashew_leaf_dataset_raw/leaf_miner/leaf-miner845__jpg.rf.9b52e33ec73667583e6098c2906676be.jpg,leaf_miner,scorecam,0.007225790513833992,0.01434386033738721,0,0.3749617338180542,True
cashew_leaf_dataset_raw/leaf_miner/leaf-miner845__jpg.rf.9b52e33ec73667583e6098c2906676be.jpg,leaf_miner,eigencam,0.4765787804657063,0.45738834275098694,0,0.10276858508586884,True
cashew_leaf_dataset_raw/leaf_miner/leaf-miner539__jpg.rf.b7b7b87fb9bd73375f055bb71237ff11.jpg,leaf_miner,gradcam++,0.0,0.0,0,0.42570990324020386,True
cashew_leaf_dataset_raw/leaf_miner/leaf-miner539__jpg.rf.b7b7b87fb9bd73375f055bb71237ff11.jpg,leaf_miner,scorecam,0.0030921459492888066,0.017534999859720003,0,0.3870939314365387,True
cashew_leaf_dataset_raw/leaf_miner/leaf-miner539__jpg.rf.b7b7b87fb9bd73375f055bb71237ff11.jpg,leaf_miner,eigencam,0.0,0.0,0,0.3962651193141937,True
cashew_leaf_dataset_raw/leaf_miner/leaf-miner930__jpg.rf.4643553fc2fa419811dddab241925f08.jpg,leaf_miner,gradcam++,0.07936065051020408,0.0,0,0.8910485506057739,True
cashew_leaf_dataset_raw/leaf_miner/leaf-miner930__jpg.rf.4643553fc2fa419811dddab241925f08.jpg,leaf_miner,scorecam,0.0032925345358242072,0.007593573796503556,0,0.4009098410606384,True
cashew_leaf_dataset_raw/leaf_miner/leaf-miner930__jpg.rf.4643553fc2fa419811dddab241925f08.jpg,leaf_miner,eigencam,0.2739252931018813,0.2738062631242582,1,0.005306325387209654,True
cashew_leaf_dataset_raw/leaf_miner/leaf-miner1103__jpg.rf.82ad55e592415c59e9ba3dcd0cd1102c.jpg,leaf_miner,gradcam++,0.29306839923469385,0.0,0,,True
cashew_leaf_dataset_raw/leaf_miner/leaf-miner1103__jpg.rf.82ad55e592415c59e9ba3dcd0cd1102c.jpg,leaf_miner,scorecam,0.17223248543413386,0.16864769793764717,0,0.5042400360107422,True
cashew_leaf_dataset_raw/leaf_miner/leaf-miner1103__jpg.rf.82ad55e592415c59e9ba3dcd0cd1102c.jpg,leaf_miner,eigencam,0.24677484378149567,0.29071664829106947,0,0.08111885190010071,True
cashew_leaf_dataset_raw/leaf_miner/leaf-miner113__jpg.rf.6c0394cb10f24649778ee133f3acb672.jpg,leaf_miner,gradcam++,0.0,0.0,0,0.6716818809509277,True
cashew_leaf_dataset_raw/leaf_miner/leaf-miner113__jpg.rf.6c0394cb10f24649778ee133f3acb672.jpg,leaf_miner,scorecam,0.15304909121793783,0.17111413841921094,0,0.3487597703933716,True
cashew_leaf_dataset_raw/leaf_miner/leaf-miner113__jpg.rf.6c0394cb10f24649778ee133f3acb672.jpg,leaf_miner,eigencam,0.05766036952460037,0.11258849155926666,0,0.15021376311779022,True
cashew_leaf_dataset_raw/leaf_miner/leaf-miner342__jpg.rf.84e9b41f40dc7f6654d5e8c19b2f702e.jpg,leaf_miner,gradcam++,0.003466843696983108,0.004991503823279524,0,0.762169361114502,True
cashew_leaf_dataset_raw/leaf_miner/leaf-miner342__jpg.rf.84e9b41f40dc7f6654d5e8c19b2f702e.jpg,leaf_miner,scorecam,0.0032424465733235075,0.006338971999855109,0,0.5523831844329834,True
cashew_leaf_dataset_raw/leaf_miner/leaf-miner342__jpg.rf.84e9b41f40dc7f6654d5e8c19b2f702e.jpg,leaf_miner,eigencam,0.302316676239709,0.27051567586088743,1,0.2167515903711319,True
cashew_leaf_dataset_raw/leaf_miner/leaf-miner700__jpg.rf.98f8d725af3854d7f6365fa8eac76593.jpg,leaf_miner,gradcam++,0.15027104591836735,0.0,0,0.8401481509208679,True
cashew_leaf_dataset_raw/leaf_miner/leaf-miner700__jpg.rf.98f8d725af3854d7f6365fa8eac76593.jpg,leaf_miner,scorecam,0.03297284589161867,0.026811417418882655,0,0.44338124990463257,True
cashew_leaf_dataset_raw/leaf_miner/leaf-miner700__jpg.rf.98f8d725af3854d7f6365fa8eac76593.jpg,leaf_miner,eigencam,0.5385625492427558,0.5527600450619602,1,0.07286666333675385,True
cashew_leaf_dataset_raw/leaf_miner/leaf-miner280__jpg.rf.3b15ea953dee471420cbebfe90c3ca4e.jpg,leaf_miner,gradcam++,0.0,0.0,0,0.6959237456321716,True
cashew_leaf_dataset_raw/leaf_miner/leaf-miner280__jpg.rf.3b15ea953dee471420cbebfe90c3ca4e.jpg,leaf_miner,scorecam,0.0,0.002417705039985122,0,0.3325921595096588,True
cashew_leaf_dataset_raw/leaf_miner/leaf-miner280__jpg.rf.3b15ea953dee471420cbebfe90c3ca4e.jpg,leaf_miner,eigencam,0.14598903836571997,0.17774811938849794,1,0.051826898008584976,True
cashew_leaf_dataset_raw/leaf_miner/leaf-miner593__jpg.rf.40a54e6aff520fc0ac58011289cf2d8b.jpg,leaf_miner,gradcam++,0.030641672674837778,0.015004647457177002,0,0.3312559723854065,True
cashew_leaf_dataset_raw/leaf_miner/leaf-miner593__jpg.rf.40a54e6aff520fc0ac58011289cf2d8b.jpg,leaf_miner,scorecam,0.2901624548736462,0.1714009817333226,0,0.2432810664176941,True
cashew_leaf_dataset_raw/leaf_miner/leaf-miner593__jpg.rf.40a54e6aff520fc0ac58011289cf2d8b.jpg,leaf_miner,eigencam,0.40394814378314675,0.3212360488953003,1,0.10536616295576096,True
cashew_leaf_dataset_raw/leaf_miner/leaf-miner601__jpg.rf.d5658922041cee38c4a425786c670da9.jpg,leaf_miner,gradcam++,0.1178474114441417,0.1265802781289507,0,0.5630835890769958,True
cashew_leaf_dataset_raw/leaf_miner/leaf-miner601__jpg.rf.d5658922041cee38c4a425786c670da9.jpg,leaf_miner,scorecam,0.30802192326856004,0.16494130202774812,1,0.2793086767196655,True
cashew_leaf_dataset_raw/leaf_miner/leaf-miner601__jpg.rf.d5658922041cee38c4a425786c670da9.jpg,leaf_miner,eigencam,0.30802192326856004,0.2550750949001485,1,0.14812840521335602,True
cashew_leaf_dataset_raw/leaf_miner/leaf-miner1140__jpg.rf.abf4d6fd6a8701382e19b5d31d1e449b.jpg,leaf_miner,gradcam++,0.10505022321428571,0.0,0,0.8910484910011292,True
cashew_leaf_dataset_raw/leaf_miner/leaf-miner1140__jpg.rf.abf4d6fd6a8701382e19b5d31d1e449b.jpg,leaf_miner,scorecam,0.0,0.015056983612012312,0,0.36596471071243286,True
cashew_leaf_dataset_raw/leaf_miner/leaf-miner1140__jpg.rf.abf4d6fd6a8701382e19b5d31d1e449b.jpg,leaf_miner,eigencam,0.30932420872540634,0.22197223289249848,0,0.13747410476207733,True
cashew_leaf_dataset_raw/leaf_miner/leaf-miner709__jpg.rf.5459af1ed5be5bc05ad5d2d1d4fc0851.jpg,leaf_miner,gradcam++,0.019384635399726794,0.028362044351384792,0,0.7075178623199463,False
cashew_leaf_dataset_raw/leaf_miner/leaf-miner709__jpg.rf.5459af1ed5be5bc05ad5d2d1d4fc0851.jpg,leaf_miner,scorecam,0.033570769027832736,0.03368206840773305,0,0.33070263266563416,False
cashew_leaf_dataset_raw/leaf_miner/leaf-miner709__jpg.rf.5459af1ed5be5bc05ad5d2d1d4fc0851.jpg,leaf_miner,eigencam,0.25267785771382895,0.23253227898931242,1,0.017964256927371025,False
cashew_leaf_dataset_raw/leaf_miner/leaf-miner1171__jpg.rf.2eff08538f431bad74b1c9f6479df62e.jpg,leaf_miner,gradcam++,0.0,0.0,0,0.6431220769882202,True
cashew_leaf_dataset_raw/leaf_miner/leaf-miner1171__jpg.rf.2eff08538f431bad74b1c9f6479df62e.jpg,leaf_miner,scorecam,0.2744459941112661,0.21029649975350376,0,0.3062727749347687,True
cashew_leaf_dataset_raw/leaf_miner/leaf-miner1171__jpg.rf.2eff08538f431bad74b1c9f6479df62e.jpg,leaf_miner,eigencam,0.0,0.0,0,0.41505199670791626,True
cashew_leaf_dataset_raw/leaf_miner/leaf-miner735__jpg.rf.d52364a41a43474ccaad63a94d125456.jpg,leaf_miner,gradcam++,0.0,0.0,0,0.6904096603393555,True
cashew_leaf_dataset_raw/leaf_miner/leaf-miner735__jpg.rf.d52364a41a43474ccaad63a94d125456.jpg,leaf_miner,scorecam,0.09690047190047191,0.14214305650706655,0,0.34983232617378235,True
cashew_leaf_dataset_raw/leaf_miner/leaf-miner735__jpg.rf.d52364a41a43474ccaad63a94d125456.jpg,leaf_miner,eigencam,0.4132237114826586,0.5039989510947948,1,0.2915019989013672,True
cashew_leaf_dataset_raw/leaf_miner/leaf-miner1189__jpg.rf.744fd3c62c88de5338dd0d51e1496e9d.jpg,leaf_miner,gradcam++,0.0,0.0,0,0.7312058210372925,True
cashew_leaf_dataset_raw/leaf_miner/leaf-miner1189__jpg.rf.744fd3c62c88de5338dd0d51e1496e9d.jpg,leaf_miner,scorecam,0.11945345386791802,0.06250346625256503,0,0.46227940917015076,True
cashew_leaf_dataset_raw/leaf_miner/leaf-miner1189__jpg.rf.744fd3c62c88de5338dd0d51e1496e9d.jpg,leaf_miner,eigencam,0.32004231426478963,0.30978260869565216,1,0.07005641609430313,True
cashew_leaf_dataset_raw/leaf_miner/leaf-miner1235__jpg.rf.4a604cc4f3a1ab83bdc42e8fb6d74293.jpg,leaf_miner,gradcam++,0.0,0.0,0,0.568515956401825,True
cashew_leaf_dataset_raw/leaf_miner/leaf-miner1235__jpg.rf.4a604cc4f3a1ab83bdc42e8fb6d74293.jpg,leaf_miner,scorecam,0.2571001494768311,0.13456423094977313,1,0.23428940773010254,True
cashew_leaf_dataset_raw/leaf_miner/leaf-miner1235__jpg.rf.4a604cc4f3a1ab83bdc42e8fb6d74293.jpg,leaf_miner,eigencam,0.2571001494768311,0.2862214333259374,1,0.06952307373285294,True
cashew_leaf_dataset_raw/leaf_miner/leaf-miner641__jpg.rf.59539869fbc94461be922999eb176ce2.jpg,leaf_miner,gradcam++,0.0,0.0020938539228969083,0,0.5361979007720947,True
cashew_leaf_dataset_raw/leaf_miner/leaf-miner641__jpg.rf.59539869fbc94461be922999eb176ce2.jpg,leaf_miner,scorecam,0.0,0.001971738416036806,0,0.43676427006721497,True
cashew_leaf_dataset_raw/leaf_miner/leaf-miner641__jpg.rf.59539869fbc94461be922999eb176ce2.jpg,leaf_miner,eigencam,0.2451038575667656,0.24599721545422903,0,0.14638608694076538,True
cashew_leaf_dataset_raw/red_rust/red-rust446__jpg.rf.70292a3635a8af7552d24365690c99fc.jpg,red_rust,gradcam++,0.629264987244898,0.0,1,,True
cashew_leaf_dataset_raw/red_rust/red-rust446__jpg.rf.70292a3635a8af7552d24365690c99fc.jpg,red_rust,scorecam,0.203479969940459,0.1760962453407679,1,0.6317475438117981,True
cashew_leaf_dataset_raw/red_rust/red-rust446__jpg.rf.70292a3635a8af7552d24365690c99fc.jpg,red_rust,eigencam,0.1674803591470258,0.33916929547844377,1,0.18509580194950104,True
cashew_leaf_dataset_raw/red_rust/red-rust476__jpg.rf.5817b3fa9e542836f6c1394f7fa31524.jpg,red_rust,gradcam++,0.10654205607476636,0.11276712328767123,1,0.5771007537841797,True
cashew_leaf_dataset_raw/red_rust/red-rust476__jpg.rf.5817b3fa9e542836f6c1394f7fa31524.jpg,red_rust,scorecam,0.03554436048138819,0.06211590018560528,0,0.34338247776031494,True
cashew_leaf_dataset_raw/red_rust/red-rust476__jpg.rf.5817b3fa9e542836f6c1394f7fa31524.jpg,red_rust,eigencam,0.16090342679127725,0.17455446713088635,1,0.5454407930374146,True
cashew_leaf_dataset_raw/red_rust/red-rust642__jpg.rf.6503b182fa5c27ea04491c1f5bb2534f.jpg,red_rust,gradcam++,0.0024906600249066002,0.0,0,0.5606414675712585,True
cashew_leaf_dataset_raw/red_rust/red-rust642__jpg.rf.6503b182fa5c27ea04491c1f5bb2534f.jpg,red_rust,scorecam,0.03723296032553408,0.05428699350794717,0,0.672282338142395,True
cashew_leaf_dataset_raw/red_rust/red-rust642__jpg.rf.6503b182fa5c27ea04491c1f5bb2534f.jpg,red_rust,eigencam,0.026158696089610304,0.029414922168545358,0,0.12269452959299088,True
cashew_leaf_dataset_raw/red_rust/red-rust1429__jpg.rf.06ff14386c5cf92f37f310ecc3c3c1ff.jpg,red_rust,gradcam++,0.0028303412582888566,0.007054899948691636,0,0.31036433577537537,True
cashew_leaf_dataset_raw/red_rust/red-rust1429__jpg.rf.06ff14386c5cf92f37f310ecc3c3c1ff.jpg,red_rust,scorecam,8.064516129032258e-05,0.020855538975342855,0,0.25971531867980957,True
cashew_leaf_dataset_raw/red_rust/red-rust1429__jpg.rf.06ff14386c5cf92f37f310ecc3c3c1ff.jpg,red_rust,eigencam,0.12644200199836497,0.14588033086260607,0,0.1920700967311859,True
cashew_leaf_dataset_raw/red_rust/red-rust158__jpg.rf.16ebb72a2da686de1f02f3b1100b0614.jpg,red_rust,gradcam++,0.020381961161932274,0.01936861369528748,0,0.2785870432853699,True
cashew_leaf_dataset_raw/red_rust/red-rust158__jpg.rf.16ebb72a2da686de1f02f3b1100b0614.jpg,red_rust,scorecam,0.033401056481105244,0.01825774066012172,0,0.29564836621284485,True
cashew_leaf_dataset_raw/red_rust/red-rust158__jpg.rf.16ebb72a2da686de1f02f3b1100b0614.jpg,red_rust,eigencam,0.06018171209469034,0.0642872656193441,0,0.2549862563610077,True
cashew_leaf_dataset_raw/red_rust/red-rust922__jpg.rf.444184adb4ff86cede91fc4cec7c92af.jpg,red_rust,gradcam++,0.257434220769111,0.08814676423270539,0,0.7674559354782104,True
cashew_leaf_dataset_raw/red_rust/red-rust922__jpg.rf.444184adb4ff86cede91fc4cec7c92af.jpg,red_rust,scorecam,0.09479915051285527,0.44429795649307846,0,0.3088347911834717,True
cashew_leaf_dataset_raw/red_rust/red-rust922__jpg.rf.444184adb4ff86cede91fc4cec7c92af.jpg,red_rust,eigencam,0.24830624178881475,0.4480931661121065,1,0.060622915625572205,True
cashew_leaf_dataset_raw/red_rust/red-rust1368__jpg.rf.357ebc0e92ccbfdcc0c70def5e30a53e.jpg,red_rust,gradcam++,0.1757355060124178,0.05888228941684665,0,0.6733768582344055,True
cashew_leaf_dataset_raw/red_rust/red-rust1368__jpg.rf.357ebc0e92ccbfdcc0c70def5e30a53e.jpg,red_rust,scorecam,0.23002494312419483,0.6931384368093229,1,0.3037874400615692,True
cashew_leaf_dataset_raw/red_rust/red-rust1368__jpg.rf.357ebc0e92ccbfdcc0c70def5e30a53e.jpg,red_rust,eigencam,0.28803099885189437,0.45773012642261274,1,0.08744350075721741,True
cashew_leaf_dataset_raw/red_rust/red-rust759__jpg.rf.3c85d039139cba28d00c10376888d6b9.jpg,red_rust,gradcam++,0.10609699769053117,0.12033308931185945,0,0.4681231677532196,True
cashew_leaf_dataset_raw/red_rust/red-rust759__jpg.rf.3c85d039139cba28d00c10376888d6b9.jpg,red_rust,scorecam,0.35236965486075805,0.4196506350006877,0,0.4208594560623169,True
cashew_leaf_dataset_raw/red_rust/red-rust759__jpg.rf.3c85d039139cba28d00c10376888d6b9.jpg,red_rust,eigencam,0.027819516592967844,0.029154849688031764,0,0.15060482919216156,True
cashew_leaf_dataset_raw/red_rust/red-rust937__jpg.rf.c7d0770b1e6bc473e10c59b918004caf.jpg,red_rust,gradcam++,0.33982382015306123,0.0,0,,True
cashew_leaf_dataset_raw/red_rust/red-rust937__jpg.rf.c7d0770b1e6bc473e10c59b918004caf.jpg,red_rust,scorecam,0.18057431696370213,0.0021115322144017326,0,0.6142511963844299,True
cashew_leaf_dataset_raw/red_rust/red-rust937__jpg.rf.c7d0770b1e6bc473e10c59b918004caf.jpg,red_rust,eigencam,0.13749370065513186,0.22336931018301268,0,0.1017187237739563,True
cashew_leaf_dataset_raw/red_rust/red-rust388__jpg.rf.361d1130d2c84718a5981d2b62d3c0a9.jpg,red_rust,gradcam++,0.01903737563861253,0.0017572316842389836,0,0.16595810651779175,True
cashew_leaf_dataset_raw/red_rust/red-rust388__jpg.rf.361d1130d2c84718a5981d2b62d3c0a9.jpg,red_rust,scorecam,0.0006339144215530904,0.009010272411737895,0,0.4511808454990387,True
cashew_leaf_dataset_raw/red_rust/red-rust388__jpg.rf.361d1130d2c84718a5981d2b62d3c0a9.jpg,red_rust,eigencam,0.0,0.0,0,0.4824692904949188,True
cashew_leaf_dataset_raw/red_rust/red-rust832__jpg.rf.3e0a67eb9f31c2bb1cfcb138cabf6873.jpg,red_rust,gradcam++,0.0,0.0,0,0.6546311974525452,True
cashew_leaf_dataset_raw/red_rust/red-rust832__jpg.rf.3e0a67eb9f31c2bb1cfcb138cabf6873.jpg,red_rust,scorecam,0.0,0.0393857486559539,0,0.5072799324989319,True
cashew_leaf_dataset_raw/red_rust/red-rust832__jpg.rf.3e0a67eb9f31c2bb1cfcb138cabf6873.jpg,red_rust,eigencam,0.21237264993172986,0.33098742651160795,1,0.09950192272663116,True
cashew_leaf_dataset_raw/red_rust/red-rust1317__jpg.rf.89aa1cea4753a716a1ccd059bf61188b.jpg,red_rust,gradcam++,0.035883958354391995,0.03376718415137735,0,0.47843998670578003,True
cashew_leaf_dataset_raw/red_rust/red-rust1317__jpg.rf.89aa1cea4753a716a1ccd059bf61188b.jpg,red_rust,scorecam,0.09680008561643835,0.11416900232572008,1,0.4110445976257324,True
cashew_leaf_dataset_raw/red_rust/red-rust1317__jpg.rf.89aa1cea4753a716a1ccd059bf61188b.jpg,red_rust,eigencam,0.14774764679515912,0.30818915801614766,0,0.10980382561683655,True
cashew_leaf_dataset_raw/red_rust/red-rust570__jpg.rf.828384a7d1c77b6c14624c0b41b8203e.jpg,red_rust,gradcam++,0.5384646045918368,0.14360045306526972,1,0.6439261436462402,True
cashew_leaf_dataset_raw/red_rust/red-rust570__jpg.rf.828384a7d1c77b6c14624c0b41b8203e.jpg,red_rust,scorecam,0.1861135119562086,0.490007773125047,1,0.3451106548309326,True
cashew_leaf_dataset_raw/red_rust/red-rust570__jpg.rf.828384a7d1c77b6c14624c0b41b8203e.jpg,red_rust,eigencam,0.0,0.0,0,0.32690703868865967,True
cashew_leaf_dataset_raw/red_rust/red-rust691__jpg.rf.50538796e27c2ccbdb9fbda23c19eaa9.jpg,red_rust,gradcam++,0.15100808282626466,0.20809235496114223,0,0.4603680670261383,True
cashew_leaf_dataset_raw/red_rust/red-rust691__jpg.rf.50538796e27c2ccbdb9fbda23c19eaa9.jpg,red_rust,scorecam,0.1901687833047724,0.42494616016518283,1,0.3938292860984802,True
cashew_leaf_dataset_raw/red_rust/red-rust691__jpg.rf.50538796e27c2ccbdb9fbda23c19eaa9.jpg,red_rust,eigencam,0.14868692361724786,0.3500590318772137,1,0.08703651279211044,True
cashew_leaf_dataset_raw/red_rust/red-rust52__jpg.rf.5de622ade858572dd7277886b5e18dff.jpg,red_rust,gradcam++,0.018355673183642108,0.021967916624093184,0,0.5570659637451172,True
cashew_leaf_dataset_raw/red_rust/red-rust52__jpg.rf.5de622ade858572dd7277886b5e18dff.jpg,red_rust,scorecam,0.018355673183642108,0.007710263846643559,0,0.34307995438575745,True
cashew_leaf_dataset_raw/red_rust/red-rust52__jpg.rf.5de622ade858572dd7277886b5e18dff.jpg,red_rust,eigencam,0.09340911174259786,0.042907931837685424,0,0.503327488899231,True
cashew_leaf_dataset_raw/red_rust/red-rust1081__jpg.rf.4cc64a79e41d2186e2a780d02d1fa407.jpg,red_rust,gradcam++,0.46775350765306123,0.0,0,0.8506808280944824,True
cashew_leaf_dataset_raw/red_rust/red-rust1081__jpg.rf.4cc64a79e41d2186e2a780d02d1fa407.jpg,red_rust,scorecam,0.04381539611360239,0.11322636472969405,1,0.4983151853084564,True
cashew_leaf_dataset_raw/red_rust/red-rust1081__jpg.rf.4cc64a79e41d2186e2a780d02d1fa407.jpg,red_rust,eigencam,0.2272927043656607,0.06841906202723147,0,0.5988671779632568,True
cashew_leaf_dataset_raw/red_rust/red-rust105__jpg.rf.24ca9e31a1352041187294c35db37ade.jpg,red_rust,gradcam++,0.10226378813040818,0.09008803018177661,0,0.08238846063613892,True
cashew_leaf_dataset_raw/red_rust/red-rust105__jpg.rf.24ca9e31a1352041187294c35db37ade.jpg,red_rust,scorecam,0.08237515016303415,0.062392722279437006,0,0.3636488616466522,True
cashew_leaf_dataset_raw/red_rust/red-rust105__jpg.rf.24ca9e31a1352041187294c35db37ade.jpg,red_rust,eigencam,0.021961102106969208,0.05838076868796161,0,0.03798393905162811,True
cashew_leaf_dataset_raw/red_rust/red-rust656__jpg.rf.754f50ab5f85f401fae04b989930c7f7.jpg,red_rust,gradcam++,0.42085857780612246,0.0,0,,True
cashew_leaf_dataset_raw/red_rust/red-rust656__jpg.rf.754f50ab5f85f401fae04b989930c7f7.jpg,red_rust,scorecam,0.14843346848507188,0.022835921141005886,0,0.600752592086792,True
cashew_leaf_dataset_raw/red_rust/red-rust656__jpg.rf.754f50ab5f85f401fae04b989930c7f7.jpg,red_rust,eigencam,0.20622628359018044,0.33806808242661723,0,0.10503999143838882,True
cashew_leaf_dataset_raw/red_rust/red-rust1569__jpg.rf.4fed08b5f7d806630dd69beab41c3918.jpg,red_rust,gradcam++,0.18387276785714285,0.0,0,0.8735234141349792,True
cashew_leaf_dataset_raw/red_rust/red-rust1569__jpg.rf.4fed08b5f7d806630dd69beab41c3918.jpg,red_rust,scorecam,0.17187880262837674,0.12327931104631451,0,0.5417443513870239,True
cashew_leaf_dataset_raw/red_rust/red-rust1569__jpg.rf.4fed08b5f7d806630dd69beab41c3918.jpg,red_rust,eigencam,0.12980994838104176,0.12580362917031232,0,0.05015509948134422,True
cashew_leaf_dataset_raw/red_rust/red-rust1282__jpg.rf.e50459a42615bdc3352281c724d01baa.jpg,red_rust,gradcam++,0.5105229591836735,0.0,0,0.8910484910011292,True
cashew_leaf_dataset_raw/red_rust/red-rust1282__jpg.rf.e50459a42615bdc3352281c724d01baa.jpg,red_rust,scorecam,0.02799400334428876,0.03338533541341654,0,0.6562747359275818,True
cashew_leaf_dataset_raw/red_rust/red-rust1282__jpg.rf.e50459a42615bdc3352281c724d01baa.jpg,red_rust,eigencam,0.34669285687304047,0.39615144045034767,1,0.14001423120498657,True
cashew_leaf_dataset_raw/red_rust/red-rust935__jpg.rf.25f416ad0e3fcec3eed967e36d5c2b10.jpg,red_rust,gradcam++,0.0879703443877551,0.0,0,0.8910484313964844,True
cashew_leaf_dataset_raw/red_rust/red-rust935__jpg.rf.25f416ad0e3fcec3eed967e36d5c2b10.jpg,red_rust,scorecam,0.0706135151155898,0.03912458735786771,0,0.5699378252029419,True
cashew_leaf_dataset_raw/red_rust/red-rust935__jpg.rf.25f416ad0e3fcec3eed967e36d5c2b10.jpg,red_rust,eigencam,0.054825521974010805,0.11784729403653912,0,0.2566359043121338,True
cashew_leaf_dataset_raw/red_rust/red-rust1380__jpg.rf.a884c3f3fe7601a45f570cbb7e2ccdd4.jpg,red_rust,gradcam++,0.24796064892609454,0.3080716556252042,1,0.20692066848278046,True
cashew_leaf_dataset_raw/red_rust/red-rust1380__jpg.rf.a884c3f3fe7601a45f570cbb7e2ccdd4.jpg,red_rust,scorecam,0.19285693426393716,0.3688411509657075,1,0.2527709901332855,True
cashew_leaf_dataset_raw/red_rust/red-rust1380__jpg.rf.a884c3f3fe7601a45f570cbb7e2ccdd4.jpg,red_rust,eigencam,0.3256847981305985,0.49502719752808266,1,0.06594499945640564,True
cashew_leaf_dataset_raw/red_rust/red-rust910__jpg.rf.bde8c99d3122c81a3b50c03a5428c206.jpg,red_rust,gradcam++,0.019446454413892908,0.0005511919525974921,0,0.3387264311313629,True
cashew_leaf_dataset_raw/red_rust/red-rust910__jpg.rf.bde8c99d3122c81a3b50c03a5428c206.jpg,red_rust,scorecam,0.0,0.0,0,0.6604911684989929,True
cashew_leaf_dataset_raw/red_rust/red-rust910__jpg.rf.bde8c99d3122c81a3b50c03a5428c206.jpg,red_rust,eigencam,0.013852658091211658,0.039773066587040905,0,0.13470204174518585,True
cashew_leaf_dataset_raw/red_rust/red-rust140__jpg.rf.e00c7c203389c6860cc6cea45db05f18.jpg,red_rust,gradcam++,0.4617944834183674,0.1195994887089902,1,0.005958243273198605,True
cashew_leaf_dataset_raw/red_rust/red-rust140__jpg.rf.e00c7c203389c6860cc6cea45db05f18.jpg,red_rust,scorecam,0.032589091361403075,0.059002965682813165,0,0.5795807242393494,True
cashew_leaf_dataset_raw/red_rust/red-rust140__jpg.rf.e00c7c203389c6860cc6cea45db05f18.jpg,red_rust,eigencam,0.27480036855036855,0.4661981487829962,1,0.08392692357301712,True
cashew_leaf_dataset_raw/red_rust/red-rust21__jpg.rf.319706b8d434eb9335f97514efdbfa45.jpg,red_rust,gradcam++,0.11487905066179827,0.015222547018917875,0,0.6623964905738831,True
cashew_leaf_dataset_raw/red_rust/red-rust21__jpg.rf.319706b8d434eb9335f97514efdbfa45.jpg,red_rust,scorecam,0.02501889010158677,0.023391812865497075,0,0.6055527329444885,True
cashew_leaf_dataset_raw/red_rust/red-rust21__jpg.rf.319706b8d434eb9335f97514efdbfa45.jpg,red_rust,eigencam,0.22310158284912843,0.23501001717229536,1,0.15638765692710876,True
cashew_leaf_dataset_raw/red_rust/red-rust1626__jpg.rf.b838504c3338d2280f7a7eb054277834.jpg,red_rust,gradcam++,0.15637961335676626,0.0,0,0.6280025839805603,True
cashew_leaf_dataset_raw/red_rust/red-rust1626__jpg.rf.b838504c3338d2280f7a7eb054277834.jpg,red_rust,scorecam,0.03439710737305455,0.2793922080480717,0,0.4101562201976776,True
cashew_leaf_dataset_raw/red_rust/red-rust1626__jpg.rf.b838504c3338d2280f7a7eb054277834.jpg,red_rust,eigencam,0.1863190538006635,0.22041075587550285,0,0.1440737545490265,True
cashew_leaf_dataset_raw/red_rust/red-rust1323__jpg.rf.1f1bd9ed45d50fa9b0df1b1d18ff821f.jpg,red_rust,gradcam++,0.008792048929663608,0.0,0,0.6230836510658264,True
cashew_leaf_dataset_raw/red_rust/red-rust1323__jpg.rf.1f1bd9ed45d50fa9b0df1b1d18ff821f.jpg,red_rust,scorecam,0.00012634238787113077,0.011143021252153934,0,0.5900959372520447,True
cashew_leaf_dataset_raw/red_rust/red-rust1323__jpg.rf.1f1bd9ed45d50fa9b0df1b1d18ff821f.jpg,red_rust,eigencam,0.2198581560283688,0.24873666479505896,1,0.008343624882400036,True
cashew_leaf_dataset_raw/red_rust/red-rust782__jpg.rf.3fae63d2357232b744190c32c82be4e5.jpg,red_rust,gradcam++,0.22462930484693877,0.0,0,0.5974684357643127,True
cashew_leaf_dataset_raw/red_rust/red-rust782__jpg.rf.3fae63d2357232b744190c32c82be4e5.jpg,red_rust,scorecam,0.0,0.0001271348052718566,0,0.47541630268096924,True
cashew_leaf_dataset_raw/red_rust/red-rust782__jpg.rf.3fae63d2357232b744190c32c82be4e5.jpg,red_rust,eigencam,0.1930787322208534,0.25748042841362084,0,0.15565378963947296,True
cashew_leaf_dataset_raw/red_rust/red-rust814__jpg.rf.e22c5055963a6fb3eabfb579647b5858.jpg,red_rust,gradcam++,0.20543686224489796,0.0,0,0.7267866730690002,True
cashew_leaf_dataset_raw/red_rust/red-rust814__jpg.rf.e22c5055963a6fb3eabfb579647b5858.jpg,red_rust,scorecam,0.05043101223352088,0.0512728576550735,0,0.6195749044418335,True
cashew_leaf_dataset_raw/red_rust/red-rust814__jpg.rf.e22c5055963a6fb3eabfb579647b5858.jpg,red_rust,eigencam,0.36374606154052425,0.3556707548362625,1,0.14350789785385132,True
cashew_leaf_dataset_raw/red_rust/red-rust410__jpg.rf.38405e9625073f0a91e39099353f10d9.jpg,red_rust,gradcam++,0.02954391579983997,0.0008062565508344756,0,0.6431320309638977,True
cashew_leaf_dataset_raw/red_rust/red-rust410__jpg.rf.38405e9625073f0a91e39099353f10d9.jpg,red_rust,scorecam,0.0,0.000164257555847569,0,0.47011759877204895,True
cashew_leaf_dataset_raw/red_rust/red-rust410__jpg.rf.38405e9625073f0a91e39099353f10d9.jpg,red_rust,eigencam,0.14357011007041773,0.1493545302414535,0,0.16493752598762512,True
